Analysis & Synthesis report for top_de0_cv
Thu May 29 14:54:33 2025
Quartus Prime Version 18.1.0 Build 625 09/12/2018 SJ Lite Edition


---------------------
; Table of Contents ;
---------------------
  1. Legal Notice
  2. Analysis & Synthesis Summary
  3. Analysis & Synthesis Settings
  4. Parallel Compilation
  5. Analysis & Synthesis Source Files Read
  6. Analysis & Synthesis Resource Usage Summary
  7. Analysis & Synthesis Resource Utilization by Entity
  8. Analysis & Synthesis RAM Summary
  9. Analysis & Synthesis IP Cores Summary
 10. State Machine - |de0_cv_top|game_state
 11. State Machine - |de0_cv_top|MOUSE:u_mouse|mouse_state
 12. Registers Removed During Synthesis
 13. General Register Statistics
 14. Inverted Register Statistics
 15. Multiplexer Restructuring Statistics (Restructuring Performed)
 16. Source assignments for bouncy_ball:u_ball|Main_Char_ROM:sprite_rom|altsyncram:altsyncram_component|altsyncram_j034:auto_generated
 17. Source assignments for char_rom:u_char_rom|altsyncram:altsyncram_component|altsyncram_d5g1:auto_generated
 18. Parameter Settings for User Entity Instance: bouncy_ball:u_ball|Main_Char_ROM:sprite_rom|altsyncram:altsyncram_component
 19. Parameter Settings for User Entity Instance: pipe_generator:u_pipe
 20. Parameter Settings for User Entity Instance: char_rom:u_char_rom|altsyncram:altsyncram_component
 21. Parameter Settings for Inferred Entity Instance: pipe_generator:u_pipe|lpm_divide:Mod1
 22. Parameter Settings for Inferred Entity Instance: pipe_generator:u_pipe|lpm_divide:Mod0
 23. Parameter Settings for Inferred Entity Instance: pipe_generator:u_pipe|lpm_divide:Mod2
 24. altsyncram Parameter Settings by Entity Instance
 25. Port Connectivity Checks: "pipe_generator:u_pipe|lfsr:lfsr_inst"
 26. Port Connectivity Checks: "pipe_generator:u_pipe"
 27. Port Connectivity Checks: "MOUSE:u_mouse"
 28. Post-Synthesis Netlist Statistics for Top Partition
 29. Elapsed Time Per Partition
 30. Analysis & Synthesis Messages



----------------
; Legal Notice ;
----------------
Copyright (C) 2018  Intel Corporation. All rights reserved.
Your use of Intel Corporation's design tools, logic functions 
and other software and tools, and its AMPP partner logic 
functions, and any output files from any of the foregoing 
(including device programming or simulation files), and any 
associated documentation or information are expressly subject 
to the terms and conditions of the Intel Program License 
Subscription Agreement, the Intel Quartus Prime License Agreement,
the Intel FPGA IP License Agreement, or other applicable license
agreement, including, without limitation, that your use is for
the sole purpose of programming logic devices manufactured by
Intel and sold by Intel or its authorized distributors.  Please
refer to the applicable agreement for further details.



+-------------------------------------------------------------------------------+
; Analysis & Synthesis Summary                                                  ;
+---------------------------------+---------------------------------------------+
; Analysis & Synthesis Status     ; Successful - Thu May 29 14:54:33 2025       ;
; Quartus Prime Version           ; 18.1.0 Build 625 09/12/2018 SJ Lite Edition ;
; Revision Name                   ; top_de0_cv                                  ;
; Top-level Entity Name           ; de0_cv_top                                  ;
; Family                          ; Cyclone V                                   ;
; Logic utilization (in ALMs)     ; N/A                                         ;
; Total registers                 ; 325                                         ;
; Total pins                      ; 65                                          ;
; Total virtual pins              ; 0                                           ;
; Total block memory bits         ; 16,384                                      ;
; Total DSP Blocks                ; 0                                           ;
; Total HSSI RX PCSs              ; 0                                           ;
; Total HSSI PMA RX Deserializers ; 0                                           ;
; Total HSSI TX PCSs              ; 0                                           ;
; Total HSSI PMA TX Serializers   ; 0                                           ;
; Total PLLs                      ; 0                                           ;
; Total DLLs                      ; 0                                           ;
+---------------------------------+---------------------------------------------+


+---------------------------------------------------------------------------------------------------------------------------+
; Analysis & Synthesis Settings                                                                                             ;
+---------------------------------------------------------------------------------+--------------------+--------------------+
; Option                                                                          ; Setting            ; Default Value      ;
+---------------------------------------------------------------------------------+--------------------+--------------------+
; Device                                                                          ; 5CEBA4F23C7        ;                    ;
; Top-level entity name                                                           ; de0_cv_top         ; top_de0_cv         ;
; Family name                                                                     ; Cyclone V          ; Cyclone V          ;
; Optimization Technique                                                          ; Speed              ; Balanced           ;
; Use smart compilation                                                           ; Off                ; Off                ;
; Enable parallel Assembler and Timing Analyzer during compilation                ; On                 ; On                 ;
; Enable compact report table                                                     ; Off                ; Off                ;
; Restructure Multiplexers                                                        ; Auto               ; Auto               ;
; MLAB Add Timing Constraints For Mixed-Port Feed-Through Mode Setting Don't Care ; Off                ; Off                ;
; Create Debugging Nodes for IP Cores                                             ; Off                ; Off                ;
; Preserve fewer node names                                                       ; On                 ; On                 ;
; Intel FPGA IP Evaluation Mode                                                   ; Enable             ; Enable             ;
; Verilog Version                                                                 ; Verilog_2001       ; Verilog_2001       ;
; VHDL Version                                                                    ; VHDL_1993          ; VHDL_1993          ;
; State Machine Processing                                                        ; Auto               ; Auto               ;
; Safe State Machine                                                              ; Off                ; Off                ;
; Extract Verilog State Machines                                                  ; On                 ; On                 ;
; Extract VHDL State Machines                                                     ; On                 ; On                 ;
; Ignore Verilog initial constructs                                               ; Off                ; Off                ;
; Iteration limit for constant Verilog loops                                      ; 5000               ; 5000               ;
; Iteration limit for non-constant Verilog loops                                  ; 250                ; 250                ;
; Add Pass-Through Logic to Inferred RAMs                                         ; On                 ; On                 ;
; Infer RAMs from Raw Logic                                                       ; On                 ; On                 ;
; Parallel Synthesis                                                              ; On                 ; On                 ;
; DSP Block Balancing                                                             ; Auto               ; Auto               ;
; NOT Gate Push-Back                                                              ; On                 ; On                 ;
; Power-Up Don't Care                                                             ; On                 ; On                 ;
; Remove Redundant Logic Cells                                                    ; Off                ; Off                ;
; Remove Duplicate Registers                                                      ; On                 ; On                 ;
; Ignore CARRY Buffers                                                            ; Off                ; Off                ;
; Ignore CASCADE Buffers                                                          ; Off                ; Off                ;
; Ignore GLOBAL Buffers                                                           ; Off                ; Off                ;
; Ignore ROW GLOBAL Buffers                                                       ; Off                ; Off                ;
; Ignore LCELL Buffers                                                            ; Off                ; Off                ;
; Ignore SOFT Buffers                                                             ; On                 ; On                 ;
; Limit AHDL Integers to 32 Bits                                                  ; Off                ; Off                ;
; Carry Chain Length                                                              ; 70                 ; 70                 ;
; Auto Carry Chains                                                               ; On                 ; On                 ;
; Auto Open-Drain Pins                                                            ; On                 ; On                 ;
; Perform WYSIWYG Primitive Resynthesis                                           ; Off                ; Off                ;
; Auto ROM Replacement                                                            ; On                 ; On                 ;
; Auto RAM Replacement                                                            ; On                 ; On                 ;
; Auto DSP Block Replacement                                                      ; On                 ; On                 ;
; Auto Shift Register Replacement                                                 ; Auto               ; Auto               ;
; Allow Shift Register Merging across Hierarchies                                 ; Auto               ; Auto               ;
; Auto Clock Enable Replacement                                                   ; On                 ; On                 ;
; Strict RAM Replacement                                                          ; Off                ; Off                ;
; Allow Synchronous Control Signals                                               ; On                 ; On                 ;
; Force Use of Synchronous Clear Signals                                          ; Off                ; Off                ;
; Auto Resource Sharing                                                           ; Off                ; Off                ;
; Allow Any RAM Size For Recognition                                              ; Off                ; Off                ;
; Allow Any ROM Size For Recognition                                              ; Off                ; Off                ;
; Allow Any Shift Register Size For Recognition                                   ; Off                ; Off                ;
; Use LogicLock Constraints during Resource Balancing                             ; On                 ; On                 ;
; Ignore translate_off and synthesis_off directives                               ; Off                ; Off                ;
; Timing-Driven Synthesis                                                         ; On                 ; On                 ;
; Report Parameter Settings                                                       ; On                 ; On                 ;
; Report Source Assignments                                                       ; On                 ; On                 ;
; Report Connectivity Checks                                                      ; On                 ; On                 ;
; Ignore Maximum Fan-Out Assignments                                              ; Off                ; Off                ;
; Synchronization Register Chain Length                                           ; 3                  ; 3                  ;
; Power Optimization During Synthesis                                             ; Normal compilation ; Normal compilation ;
; HDL message level                                                               ; Level2             ; Level2             ;
; Suppress Register Optimization Related Messages                                 ; Off                ; Off                ;
; Number of Removed Registers Reported in Synthesis Report                        ; 5000               ; 5000               ;
; Number of Swept Nodes Reported in Synthesis Report                              ; 5000               ; 5000               ;
; Number of Inverted Registers Reported in Synthesis Report                       ; 100                ; 100                ;
; Clock MUX Protection                                                            ; On                 ; On                 ;
; Auto Gated Clock Conversion                                                     ; Off                ; Off                ;
; Block Design Naming                                                             ; Auto               ; Auto               ;
; SDC constraint protection                                                       ; Off                ; Off                ;
; Synthesis Effort                                                                ; Auto               ; Auto               ;
; Shift Register Replacement - Allow Asynchronous Clear Signal                    ; On                 ; On                 ;
; Pre-Mapping Resynthesis Optimization                                            ; Off                ; Off                ;
; Analysis & Synthesis Message Level                                              ; Medium             ; Medium             ;
; Disable Register Merging Across Hierarchies                                     ; Auto               ; Auto               ;
; Resource Aware Inference For Block RAM                                          ; On                 ; On                 ;
; Automatic Parallel Synthesis                                                    ; On                 ; On                 ;
; Partial Reconfiguration Bitstream ID                                            ; Off                ; Off                ;
+---------------------------------------------------------------------------------+--------------------+--------------------+


+------------------------------------------+
; Parallel Compilation                     ;
+----------------------------+-------------+
; Processors                 ; Number      ;
+----------------------------+-------------+
; Number detected on machine ; 6           ;
; Maximum allowed            ; 6           ;
;                            ;             ;
; Average used               ; 1.00        ;
; Maximum used               ; 6           ;
;                            ;             ;
; Usage by Processor         ; % Time Used ;
;     Processor 1            ; 100.0%      ;
;     Processor 2            ;   0.0%      ;
;     Processor 3            ;   0.0%      ;
;     Processor 4            ;   0.0%      ;
;     Processor 5            ;   0.0%      ;
;     Processor 6            ;   0.0%      ;
+----------------------------+-------------+


+--------------------------------------------------------------------------------------------------------------------------------------------------------------------------------------------------------------------------------------------------------------------------------------------------------------------------+
; Analysis & Synthesis Source Files Read                                                                                                                                                                                                                                                                                   ;
+-----------------------------------------+-----------------+----------------------------------------+-----------------------------------------------------------------------------------------------------------------------------------------------------------------------------------------------------------+---------+
; File Name with User-Entered Path        ; Used in Netlist ; File Type                              ; File Name with Absolute Path                                                                                                                                                                              ; Library ;
+-----------------------------------------+-----------------+----------------------------------------+-----------------------------------------------------------------------------------------------------------------------------------------------------------------------------------------------------------+---------+
; VHDL_files/ascii_codes.vhd              ; yes             ; User VHDL File                         ; C:/Users/GetMe/OneDrive - The University of Auckland/Uni Work/Part III/Semester One/COMPSYS 305/Group/COMPYSYS-305--Project-Repo/Project Components/ParentProject/VHDL_files/ascii_codes.vhd              ;         ;
; VHDL_files/SevenSegDisplay.vhd          ; yes             ; User VHDL File                         ; C:/Users/GetMe/OneDrive - The University of Auckland/Uni Work/Part III/Semester One/COMPSYS 305/Group/COMPYSYS-305--Project-Repo/Project Components/ParentProject/VHDL_files/SevenSegDisplay.vhd          ;         ;
; VHDL_files/Alphanumeric_to_SevenSeg.vhd ; yes             ; User VHDL File                         ; C:/Users/GetMe/OneDrive - The University of Auckland/Uni Work/Part III/Semester One/COMPSYS 305/Group/COMPYSYS-305--Project-Repo/Project Components/ParentProject/VHDL_files/Alphanumeric_to_SevenSeg.vhd ;         ;
; VHDL_files/vga_sync.vhd                 ; yes             ; User VHDL File                         ; C:/Users/GetMe/OneDrive - The University of Auckland/Uni Work/Part III/Semester One/COMPSYS 305/Group/COMPYSYS-305--Project-Repo/Project Components/ParentProject/VHDL_files/vga_sync.vhd                 ;         ;
; VHDL_files/mouse.vhd                    ; yes             ; User VHDL File                         ; C:/Users/GetMe/OneDrive - The University of Auckland/Uni Work/Part III/Semester One/COMPSYS 305/Group/COMPYSYS-305--Project-Repo/Project Components/ParentProject/VHDL_files/mouse.vhd                    ;         ;
; VHDL_files/de0_cv_top.vhd               ; yes             ; User VHDL File                         ; C:/Users/GetMe/OneDrive - The University of Auckland/Uni Work/Part III/Semester One/COMPSYS 305/Group/COMPYSYS-305--Project-Repo/Project Components/ParentProject/VHDL_files/de0_cv_top.vhd               ;         ;
; VHDL_files/char_rom.vhd                 ; yes             ; User VHDL File                         ; C:/Users/GetMe/OneDrive - The University of Auckland/Uni Work/Part III/Semester One/COMPSYS 305/Group/COMPYSYS-305--Project-Repo/Project Components/ParentProject/VHDL_files/char_rom.vhd                 ;         ;
; VHDL_files/bouncy_ball.vhd              ; yes             ; User VHDL File                         ; C:/Users/GetMe/OneDrive - The University of Auckland/Uni Work/Part III/Semester One/COMPSYS 305/Group/COMPYSYS-305--Project-Repo/Project Components/ParentProject/VHDL_files/bouncy_ball.vhd              ;         ;
; VHDL_files/pipe_generator.vhd           ; yes             ; User VHDL File                         ; C:/Users/GetMe/OneDrive - The University of Auckland/Uni Work/Part III/Semester One/COMPSYS 305/Group/COMPYSYS-305--Project-Repo/Project Components/ParentProject/VHDL_files/pipe_generator.vhd           ;         ;
; VHDL_files/pipe_types.vhd               ; yes             ; User VHDL File                         ; C:/Users/GetMe/OneDrive - The University of Auckland/Uni Work/Part III/Semester One/COMPSYS 305/Group/COMPYSYS-305--Project-Repo/Project Components/ParentProject/VHDL_files/pipe_types.vhd               ;         ;
; VHDL_files/lsfr.vhd                     ; yes             ; User VHDL File                         ; C:/Users/GetMe/OneDrive - The University of Auckland/Uni Work/Part III/Semester One/COMPSYS 305/Group/COMPYSYS-305--Project-Repo/Project Components/ParentProject/VHDL_files/lsfr.vhd                     ;         ;
; Main_Char_ROM.vhd                       ; yes             ; User Wizard-Generated File             ; C:/Users/GetMe/OneDrive - The University of Auckland/Uni Work/Part III/Semester One/COMPSYS 305/Group/COMPYSYS-305--Project-Repo/Project Components/ParentProject/Main_Char_ROM.vhd                       ;         ;
; altsyncram.tdf                          ; yes             ; Megafunction                           ; c:/intelfpga_lite/18.1/quartus/libraries/megafunctions/altsyncram.tdf                                                                                                                                     ;         ;
; stratix_ram_block.inc                   ; yes             ; Megafunction                           ; c:/intelfpga_lite/18.1/quartus/libraries/megafunctions/stratix_ram_block.inc                                                                                                                              ;         ;
; lpm_mux.inc                             ; yes             ; Megafunction                           ; c:/intelfpga_lite/18.1/quartus/libraries/megafunctions/lpm_mux.inc                                                                                                                                        ;         ;
; lpm_decode.inc                          ; yes             ; Megafunction                           ; c:/intelfpga_lite/18.1/quartus/libraries/megafunctions/lpm_decode.inc                                                                                                                                     ;         ;
; aglobal181.inc                          ; yes             ; Megafunction                           ; c:/intelfpga_lite/18.1/quartus/libraries/megafunctions/aglobal181.inc                                                                                                                                     ;         ;
; a_rdenreg.inc                           ; yes             ; Megafunction                           ; c:/intelfpga_lite/18.1/quartus/libraries/megafunctions/a_rdenreg.inc                                                                                                                                      ;         ;
; altrom.inc                              ; yes             ; Megafunction                           ; c:/intelfpga_lite/18.1/quartus/libraries/megafunctions/altrom.inc                                                                                                                                         ;         ;
; altram.inc                              ; yes             ; Megafunction                           ; c:/intelfpga_lite/18.1/quartus/libraries/megafunctions/altram.inc                                                                                                                                         ;         ;
; altdpram.inc                            ; yes             ; Megafunction                           ; c:/intelfpga_lite/18.1/quartus/libraries/megafunctions/altdpram.inc                                                                                                                                       ;         ;
; db/altsyncram_j034.tdf                  ; yes             ; Auto-Generated Megafunction            ; C:/Users/GetMe/OneDrive - The University of Auckland/Uni Work/Part III/Semester One/COMPSYS 305/Group/COMPYSYS-305--Project-Repo/Project Components/ParentProject/db/altsyncram_j034.tdf                  ;         ;
; vhdl_files/mc_sprite.mif                ; yes             ; Auto-Found Memory Initialization File  ; C:/Users/GetMe/OneDrive - The University of Auckland/Uni Work/Part III/Semester One/COMPSYS 305/Group/COMPYSYS-305--Project-Repo/Project Components/ParentProject/vhdl_files/mc_sprite.mif                ;         ;
; db/altsyncram_d5g1.tdf                  ; yes             ; Auto-Generated Megafunction            ; C:/Users/GetMe/OneDrive - The University of Auckland/Uni Work/Part III/Semester One/COMPSYS 305/Group/COMPYSYS-305--Project-Repo/Project Components/ParentProject/db/altsyncram_d5g1.tdf                  ;         ;
; tcgrom.mif                              ; yes             ; Auto-Found Memory Initialization File  ; C:/Users/GetMe/OneDrive - The University of Auckland/Uni Work/Part III/Semester One/COMPSYS 305/Group/COMPYSYS-305--Project-Repo/Project Components/ParentProject/tcgrom.mif                              ;         ;
; lpm_divide.tdf                          ; yes             ; Megafunction                           ; c:/intelfpga_lite/18.1/quartus/libraries/megafunctions/lpm_divide.tdf                                                                                                                                     ;         ;
; abs_divider.inc                         ; yes             ; Megafunction                           ; c:/intelfpga_lite/18.1/quartus/libraries/megafunctions/abs_divider.inc                                                                                                                                    ;         ;
; sign_div_unsign.inc                     ; yes             ; Megafunction                           ; c:/intelfpga_lite/18.1/quartus/libraries/megafunctions/sign_div_unsign.inc                                                                                                                                ;         ;
; db/lpm_divide_u4m.tdf                   ; yes             ; Auto-Generated Megafunction            ; C:/Users/GetMe/OneDrive - The University of Auckland/Uni Work/Part III/Semester One/COMPSYS 305/Group/COMPYSYS-305--Project-Repo/Project Components/ParentProject/db/lpm_divide_u4m.tdf                   ;         ;
; db/sign_div_unsign_1nh.tdf              ; yes             ; Auto-Generated Megafunction            ; C:/Users/GetMe/OneDrive - The University of Auckland/Uni Work/Part III/Semester One/COMPSYS 305/Group/COMPYSYS-305--Project-Repo/Project Components/ParentProject/db/sign_div_unsign_1nh.tdf              ;         ;
; db/alt_u_div_82f.tdf                    ; yes             ; Auto-Generated Megafunction            ; C:/Users/GetMe/OneDrive - The University of Auckland/Uni Work/Part III/Semester One/COMPSYS 305/Group/COMPYSYS-305--Project-Repo/Project Components/ParentProject/db/alt_u_div_82f.tdf                    ;         ;
; db/lpm_divide_22m.tdf                   ; yes             ; Auto-Generated Megafunction            ; C:/Users/GetMe/OneDrive - The University of Auckland/Uni Work/Part III/Semester One/COMPSYS 305/Group/COMPYSYS-305--Project-Repo/Project Components/ParentProject/db/lpm_divide_22m.tdf                   ;         ;
; db/sign_div_unsign_5kh.tdf              ; yes             ; Auto-Generated Megafunction            ; C:/Users/GetMe/OneDrive - The University of Auckland/Uni Work/Part III/Semester One/COMPSYS 305/Group/COMPYSYS-305--Project-Repo/Project Components/ParentProject/db/sign_div_unsign_5kh.tdf              ;         ;
; db/alt_u_div_gse.tdf                    ; yes             ; Auto-Generated Megafunction            ; C:/Users/GetMe/OneDrive - The University of Auckland/Uni Work/Part III/Semester One/COMPSYS 305/Group/COMPYSYS-305--Project-Repo/Project Components/ParentProject/db/alt_u_div_gse.tdf                    ;         ;
+-----------------------------------------+-----------------+----------------------------------------+-----------------------------------------------------------------------------------------------------------------------------------------------------------------------------------------------------------+---------+


+-----------------------------------------------------+
; Analysis & Synthesis Resource Usage Summary         ;
+---------------------------------------------+-------+
; Resource                                    ; Usage ;
+---------------------------------------------+-------+
; Estimate of Logic utilization (ALMs needed) ; 573   ;
;                                             ;       ;
; Combinational ALUT usage for logic          ; 953   ;
;     -- 7 input functions                    ; 5     ;
;     -- 6 input functions                    ; 177   ;
;     -- 5 input functions                    ; 161   ;
;     -- 4 input functions                    ; 122   ;
;     -- <=3 input functions                  ; 488   ;
;                                             ;       ;
; Dedicated logic registers                   ; 325   ;
;                                             ;       ;
; I/O pins                                    ; 65    ;
; Total MLAB memory bits                      ; 0     ;
; Total block memory bits                     ; 16384 ;
;                                             ;       ;
; Total DSP Blocks                            ; 0     ;
;                                             ;       ;
; Maximum fan-out node                        ; clk25 ;
; Maximum fan-out                             ; 297   ;
; Total fan-out                               ; 4851  ;
; Average fan-out                             ; 3.39  ;
+---------------------------------------------+-------+


+---------------------------------------------------------------------------------------------------------------------------------------------------------------------------------------------------------------------------------------------------------------------------------------------------------------------------------------------+
; Analysis & Synthesis Resource Utilization by Entity                                                                                                                                                                                                                                                                                         ;
+------------------------------------------------------+---------------------+---------------------------+-------------------+------------+------+--------------+-----------------------------------------------------------------------------------------------------------------------------------+--------------------------+--------------+
; Compilation Hierarchy Node                           ; Combinational ALUTs ; Dedicated Logic Registers ; Block Memory Bits ; DSP Blocks ; Pins ; Virtual Pins ; Full Hierarchy Name                                                                                                               ; Entity Name              ; Library Name ;
+------------------------------------------------------+---------------------+---------------------------+-------------------+------------+------+--------------+-----------------------------------------------------------------------------------------------------------------------------------+--------------------------+--------------+
; |de0_cv_top                                          ; 953 (362)           ; 325 (46)                  ; 16384             ; 0          ; 65   ; 0            ; |de0_cv_top                                                                                                                       ; de0_cv_top               ; work         ;
;    |MOUSE:u_mouse|                                   ; 49 (49)             ; 63 (63)                   ; 0                 ; 0          ; 0    ; 0            ; |de0_cv_top|MOUSE:u_mouse                                                                                                         ; MOUSE                    ; work         ;
;    |SevenSegDisplay:u_seven_seg|                     ; 34 (6)              ; 9 (9)                     ; 0                 ; 0          ; 0    ; 0            ; |de0_cv_top|SevenSegDisplay:u_seven_seg                                                                                           ; SevenSegDisplay          ; work         ;
;       |Alphanumeric_to_SevenSeg:digit_five_Counter|  ; 7 (7)               ; 0 (0)                     ; 0                 ; 0          ; 0    ; 0            ; |de0_cv_top|SevenSegDisplay:u_seven_seg|Alphanumeric_to_SevenSeg:digit_five_Counter                                               ; Alphanumeric_to_SevenSeg ; work         ;
;       |Alphanumeric_to_SevenSeg:digit_six_Counter|   ; 7 (7)               ; 0 (0)                     ; 0                 ; 0          ; 0    ; 0            ; |de0_cv_top|SevenSegDisplay:u_seven_seg|Alphanumeric_to_SevenSeg:digit_six_Counter                                                ; Alphanumeric_to_SevenSeg ; work         ;
;       |Alphanumeric_to_SevenSeg:digit_three_Counter| ; 7 (7)               ; 0 (0)                     ; 0                 ; 0          ; 0    ; 0            ; |de0_cv_top|SevenSegDisplay:u_seven_seg|Alphanumeric_to_SevenSeg:digit_three_Counter                                              ; Alphanumeric_to_SevenSeg ; work         ;
;       |Alphanumeric_to_SevenSeg:digit_two_Counter|   ; 7 (7)               ; 0 (0)                     ; 0                 ; 0          ; 0    ; 0            ; |de0_cv_top|SevenSegDisplay:u_seven_seg|Alphanumeric_to_SevenSeg:digit_two_Counter                                                ; Alphanumeric_to_SevenSeg ; work         ;
;    |VGA_SYNC:u_vga_sync|                             ; 60 (60)             ; 58 (58)                   ; 0                 ; 0          ; 0    ; 0            ; |de0_cv_top|VGA_SYNC:u_vga_sync                                                                                                   ; VGA_SYNC                 ; work         ;
;    |bouncy_ball:u_ball|                              ; 43 (43)             ; 33 (33)                   ; 12288             ; 0          ; 0    ; 0            ; |de0_cv_top|bouncy_ball:u_ball                                                                                                    ; bouncy_ball              ; work         ;
;       |Main_Char_ROM:sprite_rom|                     ; 0 (0)               ; 0 (0)                     ; 12288             ; 0          ; 0    ; 0            ; |de0_cv_top|bouncy_ball:u_ball|Main_Char_ROM:sprite_rom                                                                           ; Main_Char_ROM            ; work         ;
;          |altsyncram:altsyncram_component|           ; 0 (0)               ; 0 (0)                     ; 12288             ; 0          ; 0    ; 0            ; |de0_cv_top|bouncy_ball:u_ball|Main_Char_ROM:sprite_rom|altsyncram:altsyncram_component                                           ; altsyncram               ; work         ;
;             |altsyncram_j034:auto_generated|         ; 0 (0)               ; 0 (0)                     ; 12288             ; 0          ; 0    ; 0            ; |de0_cv_top|bouncy_ball:u_ball|Main_Char_ROM:sprite_rom|altsyncram:altsyncram_component|altsyncram_j034:auto_generated            ; altsyncram_j034          ; work         ;
;    |char_rom:u_char_rom|                             ; 2 (2)               ; 0 (0)                     ; 4096              ; 0          ; 0    ; 0            ; |de0_cv_top|char_rom:u_char_rom                                                                                                   ; char_rom                 ; work         ;
;       |altsyncram:altsyncram_component|              ; 0 (0)               ; 0 (0)                     ; 4096              ; 0          ; 0    ; 0            ; |de0_cv_top|char_rom:u_char_rom|altsyncram:altsyncram_component                                                                   ; altsyncram               ; work         ;
;          |altsyncram_d5g1:auto_generated|            ; 0 (0)               ; 0 (0)                     ; 4096              ; 0          ; 0    ; 0            ; |de0_cv_top|char_rom:u_char_rom|altsyncram:altsyncram_component|altsyncram_d5g1:auto_generated                                    ; altsyncram_d5g1          ; work         ;
;    |pipe_generator:u_pipe|                           ; 403 (307)           ; 116 (106)                 ; 0                 ; 0          ; 0    ; 0            ; |de0_cv_top|pipe_generator:u_pipe                                                                                                 ; pipe_generator           ; work         ;
;       |lfsr:lfsr_inst|                               ; 10 (10)             ; 10 (10)                   ; 0                 ; 0          ; 0    ; 0            ; |de0_cv_top|pipe_generator:u_pipe|lfsr:lfsr_inst                                                                                  ; lfsr                     ; work         ;
;       |lpm_divide:Mod0|                              ; 39 (0)              ; 0 (0)                     ; 0                 ; 0          ; 0    ; 0            ; |de0_cv_top|pipe_generator:u_pipe|lpm_divide:Mod0                                                                                 ; lpm_divide               ; work         ;
;          |lpm_divide_u4m:auto_generated|             ; 39 (0)              ; 0 (0)                     ; 0                 ; 0          ; 0    ; 0            ; |de0_cv_top|pipe_generator:u_pipe|lpm_divide:Mod0|lpm_divide_u4m:auto_generated                                                   ; lpm_divide_u4m           ; work         ;
;             |sign_div_unsign_1nh:divider|            ; 39 (0)              ; 0 (0)                     ; 0                 ; 0          ; 0    ; 0            ; |de0_cv_top|pipe_generator:u_pipe|lpm_divide:Mod0|lpm_divide_u4m:auto_generated|sign_div_unsign_1nh:divider                       ; sign_div_unsign_1nh      ; work         ;
;                |alt_u_div_82f:divider|               ; 39 (39)             ; 0 (0)                     ; 0                 ; 0          ; 0    ; 0            ; |de0_cv_top|pipe_generator:u_pipe|lpm_divide:Mod0|lpm_divide_u4m:auto_generated|sign_div_unsign_1nh:divider|alt_u_div_82f:divider ; alt_u_div_82f            ; work         ;
;       |lpm_divide:Mod1|                              ; 38 (0)              ; 0 (0)                     ; 0                 ; 0          ; 0    ; 0            ; |de0_cv_top|pipe_generator:u_pipe|lpm_divide:Mod1                                                                                 ; lpm_divide               ; work         ;
;          |lpm_divide_u4m:auto_generated|             ; 38 (0)              ; 0 (0)                     ; 0                 ; 0          ; 0    ; 0            ; |de0_cv_top|pipe_generator:u_pipe|lpm_divide:Mod1|lpm_divide_u4m:auto_generated                                                   ; lpm_divide_u4m           ; work         ;
;             |sign_div_unsign_1nh:divider|            ; 38 (0)              ; 0 (0)                     ; 0                 ; 0          ; 0    ; 0            ; |de0_cv_top|pipe_generator:u_pipe|lpm_divide:Mod1|lpm_divide_u4m:auto_generated|sign_div_unsign_1nh:divider                       ; sign_div_unsign_1nh      ; work         ;
;                |alt_u_div_82f:divider|               ; 38 (38)             ; 0 (0)                     ; 0                 ; 0          ; 0    ; 0            ; |de0_cv_top|pipe_generator:u_pipe|lpm_divide:Mod1|lpm_divide_u4m:auto_generated|sign_div_unsign_1nh:divider|alt_u_div_82f:divider ; alt_u_div_82f            ; work         ;
;       |lpm_divide:Mod2|                              ; 9 (0)               ; 0 (0)                     ; 0                 ; 0          ; 0    ; 0            ; |de0_cv_top|pipe_generator:u_pipe|lpm_divide:Mod2                                                                                 ; lpm_divide               ; work         ;
;          |lpm_divide_22m:auto_generated|             ; 9 (0)               ; 0 (0)                     ; 0                 ; 0          ; 0    ; 0            ; |de0_cv_top|pipe_generator:u_pipe|lpm_divide:Mod2|lpm_divide_22m:auto_generated                                                   ; lpm_divide_22m           ; work         ;
;             |sign_div_unsign_5kh:divider|            ; 9 (0)               ; 0 (0)                     ; 0                 ; 0          ; 0    ; 0            ; |de0_cv_top|pipe_generator:u_pipe|lpm_divide:Mod2|lpm_divide_22m:auto_generated|sign_div_unsign_5kh:divider                       ; sign_div_unsign_5kh      ; work         ;
;                |alt_u_div_gse:divider|               ; 9 (9)               ; 0 (0)                     ; 0                 ; 0          ; 0    ; 0            ; |de0_cv_top|pipe_generator:u_pipe|lpm_divide:Mod2|lpm_divide_22m:auto_generated|sign_div_unsign_5kh:divider|alt_u_div_gse:divider ; alt_u_div_gse            ; work         ;
+------------------------------------------------------+---------------------+---------------------------+-------------------+------------+------+--------------+-----------------------------------------------------------------------------------------------------------------------------------+--------------------------+--------------+
Note: For table entries with two numbers listed, the numbers in parentheses indicate the number of resources of the given type used by the specific entity alone. The numbers listed outside of parentheses indicate the total resources of the given type used by the specific entity and all of its sub-entities in the hierarchy.


+--------------------------------------------------------------------------------------------------------------------------------------------------------------------------------------------------------------------------------------+
; Analysis & Synthesis RAM Summary                                                                                                                                                                                                     ;
+-----------------------------------------------------------------------------------------------------------------------+------+------+--------------+--------------+--------------+--------------+-------+----------------------------+
; Name                                                                                                                  ; Type ; Mode ; Port A Depth ; Port A Width ; Port B Depth ; Port B Width ; Size  ; MIF                        ;
+-----------------------------------------------------------------------------------------------------------------------+------+------+--------------+--------------+--------------+--------------+-------+----------------------------+
; bouncy_ball:u_ball|Main_Char_ROM:sprite_rom|altsyncram:altsyncram_component|altsyncram_j034:auto_generated|ALTSYNCRAM ; AUTO ; ROM  ; 1024         ; 12           ; --           ; --           ; 12288 ; ./VHDL_files/mc_sprite.mif ;
; char_rom:u_char_rom|altsyncram:altsyncram_component|altsyncram_d5g1:auto_generated|ALTSYNCRAM                         ; AUTO ; ROM  ; 512          ; 8            ; --           ; --           ; 4096  ; tcgrom.mif                 ;
+-----------------------------------------------------------------------------------------------------------------------+------+------+--------------+--------------+--------------+--------------+-------+----------------------------+


+---------------------------------------------------------------------------------------------------------------------------------------------+
; Analysis & Synthesis IP Cores Summary                                                                                                       ;
+--------+--------------+---------+--------------+--------------+---------------------------------------------------------+-------------------+
; Vendor ; IP Core Name ; Version ; Release Date ; License Type ; Entity Instance                                         ; IP Include File   ;
+--------+--------------+---------+--------------+--------------+---------------------------------------------------------+-------------------+
; Altera ; ROM: 1-PORT  ; 24.1    ; N/A          ; N/A          ; |de0_cv_top|bouncy_ball:u_ball|Main_Char_ROM:sprite_rom ; Main_Char_ROM.vhd ;
+--------+--------------+---------+--------------+--------------+---------------------------------------------------------+-------------------+


Encoding Type:  One-Hot
+-------------------------------------------------------------------------------------------------------------------------+
; State Machine - |de0_cv_top|game_state                                                                                  ;
+--------------------+--------------------+-------------------+--------------------+-----------------+--------------------+
; Name               ; game_state.S_DEATH ; game_state.S_PLAY ; game_state.S_TRAIN ; game_state.S_GS ; game_state.S_TITLE ;
+--------------------+--------------------+-------------------+--------------------+-----------------+--------------------+
; game_state.S_TITLE ; 0                  ; 0                 ; 0                  ; 0               ; 0                  ;
; game_state.S_GS    ; 0                  ; 0                 ; 0                  ; 1               ; 1                  ;
; game_state.S_TRAIN ; 0                  ; 0                 ; 1                  ; 0               ; 1                  ;
; game_state.S_PLAY  ; 0                  ; 1                 ; 0                  ; 0               ; 1                  ;
; game_state.S_DEATH ; 1                  ; 0                 ; 0                  ; 0               ; 1                  ;
+--------------------+--------------------+-------------------+--------------------+-----------------+--------------------+


Encoding Type:  One-Hot
+---------------------------------------------------------------------------------------------------------------------------------------------------------------------------------------------------------+
; State Machine - |de0_cv_top|MOUSE:u_mouse|mouse_state                                                                                                                                                   ;
+-------------------------------+---------------------------+--------------------------+-------------------------------+---------------------------+--------------------------+---------------------------+
; Name                          ; mouse_state.INPUT_PACKETS ; mouse_state.WAIT_CMD_ACK ; mouse_state.WAIT_OUTPUT_READY ; mouse_state.LOAD_COMMAND2 ; mouse_state.LOAD_COMMAND ; mouse_state.INHIBIT_TRANS ;
+-------------------------------+---------------------------+--------------------------+-------------------------------+---------------------------+--------------------------+---------------------------+
; mouse_state.INHIBIT_TRANS     ; 0                         ; 0                        ; 0                             ; 0                         ; 0                        ; 0                         ;
; mouse_state.LOAD_COMMAND      ; 0                         ; 0                        ; 0                             ; 0                         ; 1                        ; 1                         ;
; mouse_state.LOAD_COMMAND2     ; 0                         ; 0                        ; 0                             ; 1                         ; 0                        ; 1                         ;
; mouse_state.WAIT_OUTPUT_READY ; 0                         ; 0                        ; 1                             ; 0                         ; 0                        ; 1                         ;
; mouse_state.WAIT_CMD_ACK      ; 0                         ; 1                        ; 0                             ; 0                         ; 0                        ; 1                         ;
; mouse_state.INPUT_PACKETS     ; 1                         ; 0                        ; 0                             ; 0                         ; 0                        ; 1                         ;
+-------------------------------+---------------------------+--------------------------+-------------------------------+---------------------------+--------------------------+---------------------------+


+-------------------------------------------------------------------------------------------------------------------+
; Registers Removed During Synthesis                                                                                ;
+----------------------------------------------------+--------------------------------------------------------------+
; Register name                                      ; Reason for Removal                                           ;
+----------------------------------------------------+--------------------------------------------------------------+
; SevenSegDisplay:u_seven_seg|digit_four_value[1]    ; Stuck at VCC due to stuck port data_in                       ;
; SevenSegDisplay:u_seven_seg|digit_three_value[1]   ; Stuck at VCC due to stuck port data_in                       ;
; SevenSegDisplay:u_seven_seg|digit_two_value[2]     ; Stuck at VCC due to stuck port data_in                       ;
; SevenSegDisplay:u_seven_seg|digit_one_value[2]     ; Stuck at VCC due to stuck port data_in                       ;
; bouncy_ball:u_ball|ball_y_motion[4,5]              ; Stuck at GND due to stuck port data_in                       ;
; MOUSE:u_mouse|CHAROUT[4..7]                        ; Stuck at VCC due to stuck port data_in                       ;
; MOUSE:u_mouse|CHAROUT[3]                           ; Stuck at GND due to stuck port data_in                       ;
; MOUSE:u_mouse|CHAROUT[2]                           ; Stuck at VCC due to stuck port data_in                       ;
; MOUSE:u_mouse|CHAROUT[0,1]                         ; Stuck at GND due to stuck port data_in                       ;
; MOUSE:u_mouse|SHIFTOUT[10]                         ; Stuck at VCC due to stuck port data_in                       ;
; SevenSegDisplay:u_seven_seg|digit_four_value[3]    ; Merged with SevenSegDisplay:u_seven_seg|digit_six_value[0]   ;
; SevenSegDisplay:u_seven_seg|digit_one_value[5]     ; Merged with SevenSegDisplay:u_seven_seg|digit_six_value[0]   ;
; SevenSegDisplay:u_seven_seg|digit_six_value[5]     ; Merged with SevenSegDisplay:u_seven_seg|digit_six_value[1]   ;
; SevenSegDisplay:u_seven_seg|digit_six_value[4]     ; Merged with SevenSegDisplay:u_seven_seg|digit_six_value[3]   ;
; SevenSegDisplay:u_seven_seg|digit_five_value[4]    ; Merged with SevenSegDisplay:u_seven_seg|digit_five_value[0]  ;
; SevenSegDisplay:u_seven_seg|digit_two_value[1]     ; Merged with SevenSegDisplay:u_seven_seg|digit_five_value[1]  ;
; SevenSegDisplay:u_seven_seg|digit_one_value[0,4]   ; Merged with SevenSegDisplay:u_seven_seg|digit_five_value[5]  ;
; SevenSegDisplay:u_seven_seg|digit_four_value[5]    ; Merged with SevenSegDisplay:u_seven_seg|digit_four_value[0]  ;
; SevenSegDisplay:u_seven_seg|digit_three_value[2,3] ; Merged with SevenSegDisplay:u_seven_seg|digit_four_value[0]  ;
; SevenSegDisplay:u_seven_seg|digit_one_value[1,3]   ; Merged with SevenSegDisplay:u_seven_seg|digit_four_value[0]  ;
; SevenSegDisplay:u_seven_seg|digit_four_value[4]    ; Merged with SevenSegDisplay:u_seven_seg|digit_four_value[2]  ;
; SevenSegDisplay:u_seven_seg|digit_three_value[0]   ; Merged with SevenSegDisplay:u_seven_seg|digit_four_value[2]  ;
; bouncy_ball:u_ball|ball_y_motion[2,3,6..9]         ; Merged with bouncy_ball:u_ball|ball_y_motion[1]              ;
; SevenSegDisplay:u_seven_seg|digit_six_value[0]     ; Stuck at VCC due to stuck port data_in                       ;
; SevenSegDisplay:u_seven_seg|digit_four_value[0,2]  ; Merged with SevenSegDisplay:u_seven_seg|digit_five_value[5]  ;
; SevenSegDisplay:u_seven_seg|digit_two_value[4]     ; Merged with SevenSegDisplay:u_seven_seg|digit_two_value[0]   ;
; SevenSegDisplay:u_seven_seg|digit_five_value[3]    ; Merged with SevenSegDisplay:u_seven_seg|digit_two_value[0]   ;
; SevenSegDisplay:u_seven_seg|digit_six_value[1]     ; Merged with SevenSegDisplay:u_seven_seg|digit_two_value[3]   ;
; SevenSegDisplay:u_seven_seg|digit_six_value[2]     ; Merged with SevenSegDisplay:u_seven_seg|digit_three_value[4] ;
; SevenSegDisplay:u_seven_seg|digit_three_value[4]   ; Merged with SevenSegDisplay:u_seven_seg|digit_five_value[1]  ;
; Total Number of Removed Registers = 44             ;                                                              ;
+----------------------------------------------------+--------------------------------------------------------------+


+------------------------------------------------------+
; General Register Statistics                          ;
+----------------------------------------------+-------+
; Statistic                                    ; Value ;
+----------------------------------------------+-------+
; Total registers                              ; 325   ;
; Number of registers using Synchronous Clear  ; 74    ;
; Number of registers using Synchronous Load   ; 0     ;
; Number of registers using Asynchronous Clear ; 194   ;
; Number of registers using Asynchronous Load  ; 0     ;
; Number of registers using Clock Enable       ; 183   ;
; Number of registers using Preset             ; 0     ;
+----------------------------------------------+-------+


+------------------------------------------------------------+
; Inverted Register Statistics                               ;
+--------------------------------------------------+---------+
; Inverted Register                                ; Fan out ;
+--------------------------------------------------+---------+
; pipe_generator:u_pipe|pipe_x_internal[2][10]     ; 5       ;
; pipe_generator:u_pipe|pipe_x_internal[2][2]      ; 4       ;
; pipe_generator:u_pipe|pipe_x_internal[2][1]      ; 5       ;
; pipe_generator:u_pipe|pipe_x_internal[1][9]      ; 6       ;
; pipe_generator:u_pipe|pipe_x_internal[1][8]      ; 5       ;
; pipe_generator:u_pipe|pipe_x_internal[1][6]      ; 5       ;
; pipe_generator:u_pipe|pipe_x_internal[1][3]      ; 6       ;
; pipe_generator:u_pipe|pipe_x_internal[0][9]      ; 6       ;
; pipe_generator:u_pipe|pipe_x_internal[0][7]      ; 5       ;
; pipe_generator:u_pipe|pipe_x_internal[0][3]      ; 6       ;
; pipe_generator:u_pipe|pipe_x_internal[0][1]      ; 5       ;
; pb1_sync_1                                       ; 6       ;
; pb0_sync_1                                       ; 5       ;
; pb2_sync_1                                       ; 4       ;
; pb1_sync_0                                       ; 1       ;
; pb0_sync_0                                       ; 1       ;
; pb2_sync_0                                       ; 1       ;
; pipe_generator:u_pipe|lfsr:lfsr_inst|lfsr_reg[1] ; 4       ;
; MOUSE:u_mouse|send_char                          ; 3       ;
; pipe_generator:u_pipe|lfsr:lfsr_inst|lfsr_reg[9] ; 3       ;
; pipe_generator:u_pipe|lfsr:lfsr_inst|lfsr_reg[3] ; 3       ;
; pipe_generator:u_pipe|lfsr:lfsr_inst|lfsr_reg[7] ; 3       ;
; pipe_generator:u_pipe|lfsr:lfsr_inst|lfsr_reg[5] ; 3       ;
; bouncy_ball:u_ball|previous_left_status          ; 2       ;
; MOUSE:u_mouse|SHIFTOUT[3]                        ; 1       ;
; MOUSE:u_mouse|SHIFTOUT[5]                        ; 1       ;
; MOUSE:u_mouse|SHIFTOUT[6]                        ; 1       ;
; MOUSE:u_mouse|SHIFTOUT[7]                        ; 1       ;
; MOUSE:u_mouse|SHIFTOUT[8]                        ; 1       ;
; Total number of inverted registers = 29          ;         ;
+--------------------------------------------------+---------+


+-------------------------------------------------------------------------------------------------------------------------------------------------------------------------------------------------------------------+
; Multiplexer Restructuring Statistics (Restructuring Performed)                                                                                                                                                    ;
+--------------------+-----------+---------------+----------------------+------------------------+------------+-----------------------------------------------------------------------------------------------------+
; Multiplexer Inputs ; Bus Width ; Baseline Area ; Area if Restructured ; Saving if Restructured ; Registered ; Example Multiplexer Output                                                                          ;
+--------------------+-----------+---------------+----------------------+------------------------+------------+-----------------------------------------------------------------------------------------------------+
; 3:1                ; 27 bits   ; 54 LEs        ; 0 LEs                ; 54 LEs                 ; Yes        ; |de0_cv_top|play_delay_counter[24]                                                                  ;
; 5:1                ; 4 bits    ; 12 LEs        ; 12 LEs               ; 0 LEs                  ; Yes        ; |de0_cv_top|VGA_SYNC:u_vga_sync|red_out[2]                                                          ;
; 5:1                ; 4 bits    ; 12 LEs        ; 12 LEs               ; 0 LEs                  ; Yes        ; |de0_cv_top|VGA_SYNC:u_vga_sync|blue_out[0]                                                         ;
; 6:1                ; 4 bits    ; 16 LEs        ; 16 LEs               ; 0 LEs                  ; Yes        ; |de0_cv_top|VGA_SYNC:u_vga_sync|green_out[0]                                                        ;
; 3:1                ; 2 bits    ; 4 LEs         ; 4 LEs                ; 0 LEs                  ; No         ; |de0_cv_top|SevenSegDisplay:u_seven_seg|Alphanumeric_to_SevenSeg:digit_four_Counter|SevenSeg_out    ;
; 4:1                ; 2 bits    ; 4 LEs         ; 4 LEs                ; 0 LEs                  ; No         ; |de0_cv_top|SevenSegDisplay:u_seven_seg|Alphanumeric_to_SevenSeg:digit_one_Counter|SevenSeg_out     ;
; 4:1                ; 5 bits    ; 10 LEs        ; 10 LEs               ; 0 LEs                  ; No         ; |de0_cv_top|SevenSegDisplay:u_seven_seg|Alphanumeric_to_SevenSeg:digit_four_Counter|SevenSeg_out    ;
; 6:1                ; 3 bits    ; 12 LEs        ; 3 LEs                ; 9 LEs                  ; No         ; |de0_cv_top|font_row[2]                                                                             ;
; 7:1                ; 2 bits    ; 8 LEs         ; 8 LEs                ; 0 LEs                  ; No         ; |de0_cv_top|SevenSegDisplay:u_seven_seg|Alphanumeric_to_SevenSeg:digit_three_Counter|SevenSeg_out   ;
; 7:1                ; 3 bits    ; 12 LEs        ; 6 LEs                ; 6 LEs                  ; No         ; |de0_cv_top|font_col[1]                                                                             ;
; 8:1                ; 2 bits    ; 10 LEs        ; 10 LEs               ; 0 LEs                  ; No         ; |de0_cv_top|SevenSegDisplay:u_seven_seg|Alphanumeric_to_SevenSeg:digit_six_Counter|SevenSeg_out[3]  ;
; 9:1                ; 5 bits    ; 30 LEs        ; 30 LEs               ; 0 LEs                  ; No         ; |de0_cv_top|SevenSegDisplay:u_seven_seg|Alphanumeric_to_SevenSeg:digit_three_Counter|SevenSeg_out   ;
; 9:1                ; 5 bits    ; 30 LEs        ; 30 LEs               ; 0 LEs                  ; No         ; |de0_cv_top|SevenSegDisplay:u_seven_seg|Alphanumeric_to_SevenSeg:digit_six_Counter|SevenSeg_out[6]  ;
; 7:1                ; 2 bits    ; 8 LEs         ; 4 LEs                ; 4 LEs                  ; No         ; |de0_cv_top|game_state                                                                              ;
; 9:1                ; 3 bits    ; 18 LEs        ; 6 LEs                ; 12 LEs                 ; No         ; |de0_cv_top|Add5                                                                                    ;
; 9:1                ; 2 bits    ; 12 LEs        ; 4 LEs                ; 8 LEs                  ; No         ; |de0_cv_top|game_state                                                                              ;
; 10:1               ; 6 bits    ; 36 LEs        ; 36 LEs               ; 0 LEs                  ; No         ; |de0_cv_top|char_address[2]                                                                         ;
; 14:1               ; 5 bits    ; 45 LEs        ; 45 LEs               ; 0 LEs                  ; No         ; |de0_cv_top|SevenSegDisplay:u_seven_seg|Alphanumeric_to_SevenSeg:digit_two_Counter|SevenSeg_out     ;
; 14:1               ; 2 bits    ; 18 LEs        ; 18 LEs               ; 0 LEs                  ; No         ; |de0_cv_top|SevenSegDisplay:u_seven_seg|Alphanumeric_to_SevenSeg:digit_five_Counter|SevenSeg_out[1] ;
; 17:1               ; 2 bits    ; 22 LEs        ; 22 LEs               ; 0 LEs                  ; No         ; |de0_cv_top|SevenSegDisplay:u_seven_seg|Alphanumeric_to_SevenSeg:digit_five_Counter|SevenSeg_out[5] ;
+--------------------+-----------+---------------+----------------------+------------------------+------------+-----------------------------------------------------------------------------------------------------+


+-----------------------------------------------------------------------------------------------------------------------------------+
; Source assignments for bouncy_ball:u_ball|Main_Char_ROM:sprite_rom|altsyncram:altsyncram_component|altsyncram_j034:auto_generated ;
+---------------------------------+--------------------+------+---------------------------------------------------------------------+
; Assignment                      ; Value              ; From ; To                                                                  ;
+---------------------------------+--------------------+------+---------------------------------------------------------------------+
; OPTIMIZE_POWER_DURING_SYNTHESIS ; NORMAL_COMPILATION ; -    ; -                                                                   ;
+---------------------------------+--------------------+------+---------------------------------------------------------------------+


+-----------------------------------------------------------------------------------------------------------+
; Source assignments for char_rom:u_char_rom|altsyncram:altsyncram_component|altsyncram_d5g1:auto_generated ;
+---------------------------------+--------------------+------+---------------------------------------------+
; Assignment                      ; Value              ; From ; To                                          ;
+---------------------------------+--------------------+------+---------------------------------------------+
; OPTIMIZE_POWER_DURING_SYNTHESIS ; NORMAL_COMPILATION ; -    ; -                                           ;
+---------------------------------+--------------------+------+---------------------------------------------+


+--------------------------------------------------------------------------------------------------------------------------+
; Parameter Settings for User Entity Instance: bouncy_ball:u_ball|Main_Char_ROM:sprite_rom|altsyncram:altsyncram_component ;
+------------------------------------+----------------------------+--------------------------------------------------------+
; Parameter Name                     ; Value                      ; Type                                                   ;
+------------------------------------+----------------------------+--------------------------------------------------------+
; BYTE_SIZE_BLOCK                    ; 8                          ; Untyped                                                ;
; AUTO_CARRY_CHAINS                  ; ON                         ; AUTO_CARRY                                             ;
; IGNORE_CARRY_BUFFERS               ; OFF                        ; IGNORE_CARRY                                           ;
; AUTO_CASCADE_CHAINS                ; ON                         ; AUTO_CASCADE                                           ;
; IGNORE_CASCADE_BUFFERS             ; OFF                        ; IGNORE_CASCADE                                         ;
; WIDTH_BYTEENA                      ; 1                          ; Untyped                                                ;
; OPERATION_MODE                     ; ROM                        ; Untyped                                                ;
; WIDTH_A                            ; 12                         ; Signed Integer                                         ;
; WIDTHAD_A                          ; 10                         ; Signed Integer                                         ;
; NUMWORDS_A                         ; 1024                       ; Signed Integer                                         ;
; OUTDATA_REG_A                      ; CLOCK0                     ; Untyped                                                ;
; ADDRESS_ACLR_A                     ; NONE                       ; Untyped                                                ;
; OUTDATA_ACLR_A                     ; NONE                       ; Untyped                                                ;
; WRCONTROL_ACLR_A                   ; NONE                       ; Untyped                                                ;
; INDATA_ACLR_A                      ; NONE                       ; Untyped                                                ;
; BYTEENA_ACLR_A                     ; NONE                       ; Untyped                                                ;
; WIDTH_B                            ; 1                          ; Signed Integer                                         ;
; WIDTHAD_B                          ; 1                          ; Signed Integer                                         ;
; NUMWORDS_B                         ; 0                          ; Signed Integer                                         ;
; INDATA_REG_B                       ; CLOCK1                     ; Untyped                                                ;
; WRCONTROL_WRADDRESS_REG_B          ; CLOCK1                     ; Untyped                                                ;
; RDCONTROL_REG_B                    ; CLOCK1                     ; Untyped                                                ;
; ADDRESS_REG_B                      ; CLOCK1                     ; Untyped                                                ;
; OUTDATA_REG_B                      ; UNREGISTERED               ; Untyped                                                ;
; BYTEENA_REG_B                      ; CLOCK1                     ; Untyped                                                ;
; INDATA_ACLR_B                      ; NONE                       ; Untyped                                                ;
; WRCONTROL_ACLR_B                   ; NONE                       ; Untyped                                                ;
; ADDRESS_ACLR_B                     ; NONE                       ; Untyped                                                ;
; OUTDATA_ACLR_B                     ; NONE                       ; Untyped                                                ;
; RDCONTROL_ACLR_B                   ; NONE                       ; Untyped                                                ;
; BYTEENA_ACLR_B                     ; NONE                       ; Untyped                                                ;
; WIDTH_BYTEENA_A                    ; 1                          ; Signed Integer                                         ;
; WIDTH_BYTEENA_B                    ; 1                          ; Signed Integer                                         ;
; RAM_BLOCK_TYPE                     ; AUTO                       ; Untyped                                                ;
; BYTE_SIZE                          ; 8                          ; Signed Integer                                         ;
; READ_DURING_WRITE_MODE_MIXED_PORTS ; DONT_CARE                  ; Untyped                                                ;
; READ_DURING_WRITE_MODE_PORT_A      ; NEW_DATA_NO_NBE_READ       ; Untyped                                                ;
; READ_DURING_WRITE_MODE_PORT_B      ; NEW_DATA_NO_NBE_READ       ; Untyped                                                ;
; INIT_FILE                          ; ./VHDL_files/mc_sprite.mif ; Untyped                                                ;
; INIT_FILE_LAYOUT                   ; PORT_A                     ; Untyped                                                ;
; MAXIMUM_DEPTH                      ; 0                          ; Signed Integer                                         ;
; CLOCK_ENABLE_INPUT_A               ; BYPASS                     ; Untyped                                                ;
; CLOCK_ENABLE_INPUT_B               ; NORMAL                     ; Untyped                                                ;
; CLOCK_ENABLE_OUTPUT_A              ; BYPASS                     ; Untyped                                                ;
; CLOCK_ENABLE_OUTPUT_B              ; NORMAL                     ; Untyped                                                ;
; CLOCK_ENABLE_CORE_A                ; USE_INPUT_CLKEN            ; Untyped                                                ;
; CLOCK_ENABLE_CORE_B                ; USE_INPUT_CLKEN            ; Untyped                                                ;
; ENABLE_ECC                         ; FALSE                      ; Untyped                                                ;
; ECC_PIPELINE_STAGE_ENABLED         ; FALSE                      ; Untyped                                                ;
; WIDTH_ECCSTATUS                    ; 3                          ; Signed Integer                                         ;
; DEVICE_FAMILY                      ; Cyclone V                  ; Untyped                                                ;
; CBXI_PARAMETER                     ; altsyncram_j034            ; Untyped                                                ;
+------------------------------------+----------------------------+--------------------------------------------------------+
Note: In order to hide this table in the UI and the text report file, please set the "Show Parameter Settings in Synthesis Report" option in "Analysis and Synthesis Settings -> More Settings" to "Off".


+--------------------------------------------------------------------+
; Parameter Settings for User Entity Instance: pipe_generator:u_pipe ;
+----------------+--------+------------------------------------------+
; Parameter Name ; Value  ; Type                                     ;
+----------------+--------+------------------------------------------+
; num_pipes      ; 3      ; Signed Integer                           ;
; pipe_spacing   ; 150    ; Signed Integer                           ;
; move_interval  ; 500000 ; Signed Integer                           ;
; start_offset   ; 10     ; Signed Integer                           ;
; pipe_width     ; 40     ; Signed Integer                           ;
; pipe_gap       ; 100    ; Signed Integer                           ;
+----------------+--------+------------------------------------------+
Note: In order to hide this table in the UI and the text report file, please set the "Show Parameter Settings in Synthesis Report" option in "Analysis and Synthesis Settings -> More Settings" to "Off".


+--------------------------------------------------------------------------------------------------+
; Parameter Settings for User Entity Instance: char_rom:u_char_rom|altsyncram:altsyncram_component ;
+------------------------------------+----------------------+--------------------------------------+
; Parameter Name                     ; Value                ; Type                                 ;
+------------------------------------+----------------------+--------------------------------------+
; BYTE_SIZE_BLOCK                    ; 8                    ; Untyped                              ;
; AUTO_CARRY_CHAINS                  ; ON                   ; AUTO_CARRY                           ;
; IGNORE_CARRY_BUFFERS               ; OFF                  ; IGNORE_CARRY                         ;
; AUTO_CASCADE_CHAINS                ; ON                   ; AUTO_CASCADE                         ;
; IGNORE_CASCADE_BUFFERS             ; OFF                  ; IGNORE_CASCADE                       ;
; WIDTH_BYTEENA                      ; 1                    ; Untyped                              ;
; OPERATION_MODE                     ; ROM                  ; Untyped                              ;
; WIDTH_A                            ; 8                    ; Signed Integer                       ;
; WIDTHAD_A                          ; 9                    ; Signed Integer                       ;
; NUMWORDS_A                         ; 512                  ; Signed Integer                       ;
; OUTDATA_REG_A                      ; UNREGISTERED         ; Untyped                              ;
; ADDRESS_ACLR_A                     ; NONE                 ; Untyped                              ;
; OUTDATA_ACLR_A                     ; NONE                 ; Untyped                              ;
; WRCONTROL_ACLR_A                   ; NONE                 ; Untyped                              ;
; INDATA_ACLR_A                      ; NONE                 ; Untyped                              ;
; BYTEENA_ACLR_A                     ; NONE                 ; Untyped                              ;
; WIDTH_B                            ; 1                    ; Untyped                              ;
; WIDTHAD_B                          ; 1                    ; Untyped                              ;
; NUMWORDS_B                         ; 1                    ; Untyped                              ;
; INDATA_REG_B                       ; CLOCK1               ; Untyped                              ;
; WRCONTROL_WRADDRESS_REG_B          ; CLOCK1               ; Untyped                              ;
; RDCONTROL_REG_B                    ; CLOCK1               ; Untyped                              ;
; ADDRESS_REG_B                      ; CLOCK1               ; Untyped                              ;
; OUTDATA_REG_B                      ; UNREGISTERED         ; Untyped                              ;
; BYTEENA_REG_B                      ; CLOCK1               ; Untyped                              ;
; INDATA_ACLR_B                      ; NONE                 ; Untyped                              ;
; WRCONTROL_ACLR_B                   ; NONE                 ; Untyped                              ;
; ADDRESS_ACLR_B                     ; NONE                 ; Untyped                              ;
; OUTDATA_ACLR_B                     ; NONE                 ; Untyped                              ;
; RDCONTROL_ACLR_B                   ; NONE                 ; Untyped                              ;
; BYTEENA_ACLR_B                     ; NONE                 ; Untyped                              ;
; WIDTH_BYTEENA_A                    ; 1                    ; Signed Integer                       ;
; WIDTH_BYTEENA_B                    ; 1                    ; Untyped                              ;
; RAM_BLOCK_TYPE                     ; AUTO                 ; Untyped                              ;
; BYTE_SIZE                          ; 8                    ; Untyped                              ;
; READ_DURING_WRITE_MODE_MIXED_PORTS ; DONT_CARE            ; Untyped                              ;
; READ_DURING_WRITE_MODE_PORT_A      ; NEW_DATA_NO_NBE_READ ; Untyped                              ;
; READ_DURING_WRITE_MODE_PORT_B      ; NEW_DATA_NO_NBE_READ ; Untyped                              ;
; INIT_FILE                          ; tcgrom.mif           ; Untyped                              ;
; INIT_FILE_LAYOUT                   ; PORT_A               ; Untyped                              ;
; MAXIMUM_DEPTH                      ; 0                    ; Untyped                              ;
; CLOCK_ENABLE_INPUT_A               ; BYPASS               ; Untyped                              ;
; CLOCK_ENABLE_INPUT_B               ; NORMAL               ; Untyped                              ;
; CLOCK_ENABLE_OUTPUT_A              ; BYPASS               ; Untyped                              ;
; CLOCK_ENABLE_OUTPUT_B              ; NORMAL               ; Untyped                              ;
; CLOCK_ENABLE_CORE_A                ; USE_INPUT_CLKEN      ; Untyped                              ;
; CLOCK_ENABLE_CORE_B                ; USE_INPUT_CLKEN      ; Untyped                              ;
; ENABLE_ECC                         ; FALSE                ; Untyped                              ;
; ECC_PIPELINE_STAGE_ENABLED         ; FALSE                ; Untyped                              ;
; WIDTH_ECCSTATUS                    ; 3                    ; Untyped                              ;
; DEVICE_FAMILY                      ; Cyclone V            ; Untyped                              ;
; CBXI_PARAMETER                     ; altsyncram_d5g1      ; Untyped                              ;
+------------------------------------+----------------------+--------------------------------------+
Note: In order to hide this table in the UI and the text report file, please set the "Show Parameter Settings in Synthesis Report" option in "Analysis and Synthesis Settings -> More Settings" to "Off".


+----------------------------------------------------------------------------------------+
; Parameter Settings for Inferred Entity Instance: pipe_generator:u_pipe|lpm_divide:Mod1 ;
+------------------------+----------------+----------------------------------------------+
; Parameter Name         ; Value          ; Type                                         ;
+------------------------+----------------+----------------------------------------------+
; LPM_WIDTHN             ; 10             ; Untyped                                      ;
; LPM_WIDTHD             ; 10             ; Untyped                                      ;
; LPM_NREPRESENTATION    ; UNSIGNED       ; Untyped                                      ;
; LPM_DREPRESENTATION    ; UNSIGNED       ; Untyped                                      ;
; LPM_PIPELINE           ; 0              ; Untyped                                      ;
; LPM_REMAINDERPOSITIVE  ; TRUE           ; Untyped                                      ;
; MAXIMIZE_SPEED         ; 5              ; Untyped                                      ;
; CBXI_PARAMETER         ; lpm_divide_u4m ; Untyped                                      ;
; CARRY_CHAIN            ; MANUAL         ; Untyped                                      ;
; OPTIMIZE_FOR_SPEED     ; 5              ; Untyped                                      ;
; AUTO_CARRY_CHAINS      ; ON             ; AUTO_CARRY                                   ;
; IGNORE_CARRY_BUFFERS   ; OFF            ; IGNORE_CARRY                                 ;
; AUTO_CASCADE_CHAINS    ; ON             ; AUTO_CASCADE                                 ;
; IGNORE_CASCADE_BUFFERS ; OFF            ; IGNORE_CASCADE                               ;
+------------------------+----------------+----------------------------------------------+
Note: In order to hide this table in the UI and the text report file, please set the "Show Parameter Settings in Synthesis Report" option in "Analysis and Synthesis Settings -> More Settings" to "Off".


+----------------------------------------------------------------------------------------+
; Parameter Settings for Inferred Entity Instance: pipe_generator:u_pipe|lpm_divide:Mod0 ;
+------------------------+----------------+----------------------------------------------+
; Parameter Name         ; Value          ; Type                                         ;
+------------------------+----------------+----------------------------------------------+
; LPM_WIDTHN             ; 10             ; Untyped                                      ;
; LPM_WIDTHD             ; 10             ; Untyped                                      ;
; LPM_NREPRESENTATION    ; UNSIGNED       ; Untyped                                      ;
; LPM_DREPRESENTATION    ; UNSIGNED       ; Untyped                                      ;
; LPM_PIPELINE           ; 0              ; Untyped                                      ;
; LPM_REMAINDERPOSITIVE  ; TRUE           ; Untyped                                      ;
; MAXIMIZE_SPEED         ; 5              ; Untyped                                      ;
; CBXI_PARAMETER         ; lpm_divide_u4m ; Untyped                                      ;
; CARRY_CHAIN            ; MANUAL         ; Untyped                                      ;
; OPTIMIZE_FOR_SPEED     ; 5              ; Untyped                                      ;
; AUTO_CARRY_CHAINS      ; ON             ; AUTO_CARRY                                   ;
; IGNORE_CARRY_BUFFERS   ; OFF            ; IGNORE_CARRY                                 ;
; AUTO_CASCADE_CHAINS    ; ON             ; AUTO_CASCADE                                 ;
; IGNORE_CASCADE_BUFFERS ; OFF            ; IGNORE_CASCADE                               ;
+------------------------+----------------+----------------------------------------------+
Note: In order to hide this table in the UI and the text report file, please set the "Show Parameter Settings in Synthesis Report" option in "Analysis and Synthesis Settings -> More Settings" to "Off".


+----------------------------------------------------------------------------------------+
; Parameter Settings for Inferred Entity Instance: pipe_generator:u_pipe|lpm_divide:Mod2 ;
+------------------------+----------------+----------------------------------------------+
; Parameter Name         ; Value          ; Type                                         ;
+------------------------+----------------+----------------------------------------------+
; LPM_WIDTHN             ; 3              ; Untyped                                      ;
; LPM_WIDTHD             ; 3              ; Untyped                                      ;
; LPM_NREPRESENTATION    ; UNSIGNED       ; Untyped                                      ;
; LPM_DREPRESENTATION    ; UNSIGNED       ; Untyped                                      ;
; LPM_PIPELINE           ; 0              ; Untyped                                      ;
; LPM_REMAINDERPOSITIVE  ; TRUE           ; Untyped                                      ;
; MAXIMIZE_SPEED         ; 5              ; Untyped                                      ;
; CBXI_PARAMETER         ; lpm_divide_22m ; Untyped                                      ;
; CARRY_CHAIN            ; MANUAL         ; Untyped                                      ;
; OPTIMIZE_FOR_SPEED     ; 5              ; Untyped                                      ;
; AUTO_CARRY_CHAINS      ; ON             ; AUTO_CARRY                                   ;
; IGNORE_CARRY_BUFFERS   ; OFF            ; IGNORE_CARRY                                 ;
; AUTO_CASCADE_CHAINS    ; ON             ; AUTO_CASCADE                                 ;
; IGNORE_CASCADE_BUFFERS ; OFF            ; IGNORE_CASCADE                               ;
+------------------------+----------------+----------------------------------------------+
Note: In order to hide this table in the UI and the text report file, please set the "Show Parameter Settings in Synthesis Report" option in "Analysis and Synthesis Settings -> More Settings" to "Off".


+-------------------------------------------------------------------------------------------------------------------------+
; altsyncram Parameter Settings by Entity Instance                                                                        ;
+-------------------------------------------+-----------------------------------------------------------------------------+
; Name                                      ; Value                                                                       ;
+-------------------------------------------+-----------------------------------------------------------------------------+
; Number of entity instances                ; 2                                                                           ;
; Entity Instance                           ; bouncy_ball:u_ball|Main_Char_ROM:sprite_rom|altsyncram:altsyncram_component ;
;     -- OPERATION_MODE                     ; ROM                                                                         ;
;     -- WIDTH_A                            ; 12                                                                          ;
;     -- NUMWORDS_A                         ; 1024                                                                        ;
;     -- OUTDATA_REG_A                      ; CLOCK0                                                                      ;
;     -- WIDTH_B                            ; 1                                                                           ;
;     -- NUMWORDS_B                         ; 0                                                                           ;
;     -- ADDRESS_REG_B                      ; CLOCK1                                                                      ;
;     -- OUTDATA_REG_B                      ; UNREGISTERED                                                                ;
;     -- RAM_BLOCK_TYPE                     ; AUTO                                                                        ;
;     -- READ_DURING_WRITE_MODE_MIXED_PORTS ; DONT_CARE                                                                   ;
; Entity Instance                           ; char_rom:u_char_rom|altsyncram:altsyncram_component                         ;
;     -- OPERATION_MODE                     ; ROM                                                                         ;
;     -- WIDTH_A                            ; 8                                                                           ;
;     -- NUMWORDS_A                         ; 512                                                                         ;
;     -- OUTDATA_REG_A                      ; UNREGISTERED                                                                ;
;     -- WIDTH_B                            ; 1                                                                           ;
;     -- NUMWORDS_B                         ; 1                                                                           ;
;     -- ADDRESS_REG_B                      ; CLOCK1                                                                      ;
;     -- OUTDATA_REG_B                      ; UNREGISTERED                                                                ;
;     -- RAM_BLOCK_TYPE                     ; AUTO                                                                        ;
;     -- READ_DURING_WRITE_MODE_MIXED_PORTS ; DONT_CARE                                                                   ;
+-------------------------------------------+-----------------------------------------------------------------------------+


+------------------------------------------------------------------+
; Port Connectivity Checks: "pipe_generator:u_pipe|lfsr:lfsr_inst" ;
+-----------+-------+----------+-----------------------------------+
; Port      ; Type  ; Severity ; Details                           ;
+-----------+-------+----------+-----------------------------------+
; load_seed ; Input ; Info     ; Stuck at GND                      ;
+-----------+-------+----------+-----------------------------------+


+---------------------------------------------------------------------------------------------------------------------------+
; Port Connectivity Checks: "pipe_generator:u_pipe"                                                                         ;
+-----------------+--------+----------+-------------------------------------------------------------------------------------+
; Port            ; Type   ; Severity ; Details                                                                             ;
+-----------------+--------+----------+-------------------------------------------------------------------------------------+
; pipe_x_array[3] ; Output ; Info     ; Connected to dangling logic. Logic that only feeds a dangling port will be removed. ;
; pipe_y_array[3] ; Output ; Info     ; Connected to dangling logic. Logic that only feeds a dangling port will be removed. ;
+-----------------+--------+----------+-------------------------------------------------------------------------------------+


+-------------------------------------------------------------------------------------------------------------------------------+
; Port Connectivity Checks: "MOUSE:u_mouse"                                                                                     ;
+---------------------+--------+----------+-------------------------------------------------------------------------------------+
; Port                ; Type   ; Severity ; Details                                                                             ;
+---------------------+--------+----------+-------------------------------------------------------------------------------------+
; right_button        ; Output ; Info     ; Connected to dangling logic. Logic that only feeds a dangling port will be removed. ;
; mouse_cursor_row    ; Output ; Info     ; Connected to dangling logic. Logic that only feeds a dangling port will be removed. ;
; mouse_cursor_column ; Output ; Info     ; Connected to dangling logic. Logic that only feeds a dangling port will be removed. ;
+---------------------+--------+----------+-------------------------------------------------------------------------------------+


+-----------------------------------------------------+
; Post-Synthesis Netlist Statistics for Top Partition ;
+-----------------------+-----------------------------+
; Type                  ; Count                       ;
+-----------------------+-----------------------------+
; arriav_ff             ; 325                         ;
;     CLR               ; 31                          ;
;     CLR SCLR          ; 19                          ;
;     ENA               ; 29                          ;
;     ENA CLR           ; 109                         ;
;     ENA CLR SCLR      ; 35                          ;
;     ENA SCLR          ; 10                          ;
;     SCLR              ; 10                          ;
;     plain             ; 82                          ;
; arriav_io_obuf        ; 2                           ;
; arriav_lcell_comb     ; 956                         ;
;     arith             ; 331                         ;
;         0 data inputs ; 20                          ;
;         1 data inputs ; 260                         ;
;         2 data inputs ; 36                          ;
;         3 data inputs ; 13                          ;
;         4 data inputs ; 2                           ;
;     extend            ; 5                           ;
;         7 data inputs ; 5                           ;
;     normal            ; 610                         ;
;         0 data inputs ; 1                           ;
;         1 data inputs ; 25                          ;
;         2 data inputs ; 69                          ;
;         3 data inputs ; 57                          ;
;         4 data inputs ; 120                         ;
;         5 data inputs ; 161                         ;
;         6 data inputs ; 177                         ;
;     shared            ; 10                          ;
;         2 data inputs ; 10                          ;
; boundary_port         ; 65                          ;
; stratixv_ram_block    ; 20                          ;
;                       ;                             ;
; Max LUT depth         ; 14.00                       ;
; Average LUT depth     ; 6.01                        ;
+-----------------------+-----------------------------+


+-------------------------------+
; Elapsed Time Per Partition    ;
+----------------+--------------+
; Partition Name ; Elapsed Time ;
+----------------+--------------+
; Top            ; 00:00:04     ;
+----------------+--------------+


+-------------------------------+
; Analysis & Synthesis Messages ;
+-------------------------------+
Info: *******************************************************************
Info: Running Quartus Prime Analysis & Synthesis
    Info: Version 18.1.0 Build 625 09/12/2018 SJ Lite Edition
    Info: Processing started: Thu May 29 14:54:11 2025
Info: Command: quartus_map --read_settings_files=on --write_settings_files=off ParentProject -c top_de0_cv
Warning (125092): Tcl Script File V/img_index.qip not found
    Info (125063): set_global_assignment -name QIP_FILE V/img_index.qip
Warning (125092): Tcl Script File V/img_data.qip not found
    Info (125063): set_global_assignment -name QIP_FILE V/img_data.qip
Warning (125092): Tcl Script File V/vga_pll.qip not found
    Info (125063): set_global_assignment -name QIP_FILE V/vga_pll.qip
Warning (125092): Tcl Script File V/vga_pll.sip not found
    Info (125063): set_global_assignment -name SIP_FILE V/vga_pll.sip
Warning (125092): Tcl Script File V/img_index.qip not found
    Info (125063): set_global_assignment -name QIP_FILE V/img_index.qip
Warning (125092): Tcl Script File V/img_data.qip not found
    Info (125063): set_global_assignment -name QIP_FILE V/img_data.qip
Warning (125092): Tcl Script File V/vga_pll.qip not found
    Info (125063): set_global_assignment -name QIP_FILE V/vga_pll.qip
Warning (125092): Tcl Script File V/vga_pll.sip not found
    Info (125063): set_global_assignment -name SIP_FILE V/vga_pll.sip
Warning (18236): Number of processors has not been specified which may cause overloading on shared machines.  Set the global assignment NUM_PARALLEL_PROCESSORS in your QSF to an appropriate value for best performance.
Info (20030): Parallel compilation is enabled and will use 6 of the 6 processors detected
Info (12021): Found 1 design units, including 0 entities, in source file vhdl_files/ascii_codes.vhd
    Info (12022): Found design unit 1: ascii_codes File: C:/Users/GetMe/OneDrive - The University of Auckland/Uni Work/Part III/Semester One/COMPSYS 305/Group/COMPYSYS-305--Project-Repo/Project Components/ParentProject/VHDL_files/ascii_codes.vhd Line: 5
Info (12021): Found 0 design units, including 0 entities, in source file vhdl_files/screen_ram.vhd
Info (12021): Found 2 design units, including 1 entities, in source file vhdl_files/sevensegdisplay.vhd
    Info (12022): Found design unit 1: SevenSegDisplay-Behavioral File: C:/Users/GetMe/OneDrive - The University of Auckland/Uni Work/Part III/Semester One/COMPSYS 305/Group/COMPYSYS-305--Project-Repo/Project Components/ParentProject/VHDL_files/SevenSegDisplay.vhd Line: 18
    Info (12023): Found entity 1: SevenSegDisplay File: C:/Users/GetMe/OneDrive - The University of Auckland/Uni Work/Part III/Semester One/COMPSYS 305/Group/COMPYSYS-305--Project-Repo/Project Components/ParentProject/VHDL_files/SevenSegDisplay.vhd Line: 5
Info (12021): Found 2 design units, including 1 entities, in source file vhdl_files/alphanumeric_to_sevenseg.vhd
    Info (12022): Found design unit 1: Alphanumeric_to_SevenSeg-arc1 File: C:/Users/GetMe/OneDrive - The University of Auckland/Uni Work/Part III/Semester One/COMPSYS 305/Group/COMPYSYS-305--Project-Repo/Project Components/ParentProject/VHDL_files/Alphanumeric_to_SevenSeg.vhd Line: 11
    Info (12023): Found entity 1: Alphanumeric_to_SevenSeg File: C:/Users/GetMe/OneDrive - The University of Auckland/Uni Work/Part III/Semester One/COMPSYS 305/Group/COMPYSYS-305--Project-Repo/Project Components/ParentProject/VHDL_files/Alphanumeric_to_SevenSeg.vhd Line: 4
Warning (12019): Can't analyze file -- file V/video_sync_generator.v is missing
Warning (12019): Can't analyze file -- file V/vga_controller.v is missing
Warning (12019): Can't analyze file -- file V/SEG7_LUT_6.v is missing
Warning (12019): Can't analyze file -- file V/SEG7_LUT.v is missing
Warning (12019): Can't analyze file -- file V/Reset_Delay.v is missing
Info (12021): Found 2 design units, including 1 entities, in source file vhdl_files/vga_sync.vhd
    Info (12022): Found design unit 1: VGA_SYNC-a File: C:/Users/GetMe/OneDrive - The University of Auckland/Uni Work/Part III/Semester One/COMPSYS 305/Group/COMPYSYS-305--Project-Repo/Project Components/ParentProject/VHDL_files/vga_sync.vhd Line: 20
    Info (12023): Found entity 1: VGA_SYNC File: C:/Users/GetMe/OneDrive - The University of Auckland/Uni Work/Part III/Semester One/COMPSYS 305/Group/COMPYSYS-305--Project-Repo/Project Components/ParentProject/VHDL_files/vga_sync.vhd Line: 5
Info (12021): Found 2 design units, including 1 entities, in source file vhdl_files/mouse.vhd
    Info (12022): Found design unit 1: MOUSE-behavior File: C:/Users/GetMe/OneDrive - The University of Auckland/Uni Work/Part III/Semester One/COMPSYS 305/Group/COMPYSYS-305--Project-Repo/Project Components/ParentProject/VHDL_files/mouse.vhd Line: 18
    Info (12023): Found entity 1: MOUSE File: C:/Users/GetMe/OneDrive - The University of Auckland/Uni Work/Part III/Semester One/COMPSYS 305/Group/COMPYSYS-305--Project-Repo/Project Components/ParentProject/VHDL_files/mouse.vhd Line: 9
Info (12021): Found 2 design units, including 1 entities, in source file vhdl_files/de0_cv_top.vhd
    Info (12022): Found design unit 1: de0_cv_top-rtl File: C:/Users/GetMe/OneDrive - The University of Auckland/Uni Work/Part III/Semester One/COMPSYS 305/Group/COMPYSYS-305--Project-Repo/Project Components/ParentProject/VHDL_files/de0_cv_top.vhd Line: 49
    Info (12023): Found entity 1: de0_cv_top File: C:/Users/GetMe/OneDrive - The University of Auckland/Uni Work/Part III/Semester One/COMPSYS 305/Group/COMPYSYS-305--Project-Repo/Project Components/ParentProject/VHDL_files/de0_cv_top.vhd Line: 12
Info (12021): Found 2 design units, including 1 entities, in source file vhdl_files/char_rom.vhd
    Info (12022): Found design unit 1: char_rom-SYN File: C:/Users/GetMe/OneDrive - The University of Auckland/Uni Work/Part III/Semester One/COMPSYS 305/Group/COMPYSYS-305--Project-Repo/Project Components/ParentProject/VHDL_files/char_rom.vhd Line: 20
    Info (12023): Found entity 1: char_rom File: C:/Users/GetMe/OneDrive - The University of Auckland/Uni Work/Part III/Semester One/COMPSYS 305/Group/COMPYSYS-305--Project-Repo/Project Components/ParentProject/VHDL_files/char_rom.vhd Line: 9
Info (12021): Found 2 design units, including 1 entities, in source file vhdl_files/bouncy_ball.vhd
    Info (12022): Found design unit 1: bouncy_ball-behavior File: C:/Users/GetMe/OneDrive - The University of Auckland/Uni Work/Part III/Semester One/COMPSYS 305/Group/COMPYSYS-305--Project-Repo/Project Components/ParentProject/VHDL_files/bouncy_ball.vhd Line: 24
    Info (12023): Found entity 1: bouncy_ball File: C:/Users/GetMe/OneDrive - The University of Auckland/Uni Work/Part III/Semester One/COMPSYS 305/Group/COMPYSYS-305--Project-Repo/Project Components/ParentProject/VHDL_files/bouncy_ball.vhd Line: 6
Info (12021): Found 2 design units, including 1 entities, in source file vhdl_files/pipe_generator.vhd
    Info (12022): Found design unit 1: pipe_generator-rtl File: C:/Users/GetMe/OneDrive - The University of Auckland/Uni Work/Part III/Semester One/COMPSYS 305/Group/COMPYSYS-305--Project-Repo/Project Components/ParentProject/VHDL_files/pipe_generator.vhd Line: 27
    Info (12023): Found entity 1: pipe_generator File: C:/Users/GetMe/OneDrive - The University of Auckland/Uni Work/Part III/Semester One/COMPSYS 305/Group/COMPYSYS-305--Project-Repo/Project Components/ParentProject/VHDL_files/pipe_generator.vhd Line: 6
Info (12021): Found 2 design units, including 0 entities, in source file vhdl_files/pipe_types.vhd
    Info (12022): Found design unit 1: pipe_types File: C:/Users/GetMe/OneDrive - The University of Auckland/Uni Work/Part III/Semester One/COMPSYS 305/Group/COMPYSYS-305--Project-Repo/Project Components/ParentProject/VHDL_files/pipe_types.vhd Line: 5
    Info (12022): Found design unit 2: pipe_types-body File: C:/Users/GetMe/OneDrive - The University of Auckland/Uni Work/Part III/Semester One/COMPSYS 305/Group/COMPYSYS-305--Project-Repo/Project Components/ParentProject/VHDL_files/pipe_types.vhd Line: 9
Info (12021): Found 2 design units, including 1 entities, in source file vhdl_files/lsfr.vhd
    Info (12022): Found design unit 1: lfsr-rtl File: C:/Users/GetMe/OneDrive - The University of Auckland/Uni Work/Part III/Semester One/COMPSYS 305/Group/COMPYSYS-305--Project-Repo/Project Components/ParentProject/VHDL_files/lsfr.vhd Line: 16
    Info (12023): Found entity 1: lfsr File: C:/Users/GetMe/OneDrive - The University of Auckland/Uni Work/Part III/Semester One/COMPSYS 305/Group/COMPYSYS-305--Project-Repo/Project Components/ParentProject/VHDL_files/lsfr.vhd Line: 5
Info (12021): Found 2 design units, including 1 entities, in source file main_char_rom.vhd
    Info (12022): Found design unit 1: main_char_rom-SYN File: C:/Users/GetMe/OneDrive - The University of Auckland/Uni Work/Part III/Semester One/COMPSYS 305/Group/COMPYSYS-305--Project-Repo/Project Components/ParentProject/Main_Char_ROM.vhd Line: 53
    Info (12023): Found entity 1: Main_Char_ROM File: C:/Users/GetMe/OneDrive - The University of Auckland/Uni Work/Part III/Semester One/COMPSYS 305/Group/COMPYSYS-305--Project-Repo/Project Components/ParentProject/Main_Char_ROM.vhd Line: 43
Info (12127): Elaborating entity "de0_cv_top" for the top level hierarchy
Warning (10036): Verilog HDL or VHDL warning at de0_cv_top.vhd(170): object "show_pipes" assigned a value but never read File: C:/Users/GetMe/OneDrive - The University of Auckland/Uni Work/Part III/Semester One/COMPSYS 305/Group/COMPYSYS-305--Project-Repo/Project Components/ParentProject/VHDL_files/de0_cv_top.vhd Line: 170
Warning (10036): Verilog HDL or VHDL warning at de0_cv_top.vhd(176): object "mouse_row" assigned a value but never read File: C:/Users/GetMe/OneDrive - The University of Auckland/Uni Work/Part III/Semester One/COMPSYS 305/Group/COMPYSYS-305--Project-Repo/Project Components/ParentProject/VHDL_files/de0_cv_top.vhd Line: 176
Warning (10036): Verilog HDL or VHDL warning at de0_cv_top.vhd(176): object "mouse_col" assigned a value but never read File: C:/Users/GetMe/OneDrive - The University of Auckland/Uni Work/Part III/Semester One/COMPSYS 305/Group/COMPYSYS-305--Project-Repo/Project Components/ParentProject/VHDL_files/de0_cv_top.vhd Line: 176
Warning (10036): Verilog HDL or VHDL warning at de0_cv_top.vhd(178): object "right_btn" assigned a value but never read File: C:/Users/GetMe/OneDrive - The University of Auckland/Uni Work/Part III/Semester One/COMPSYS 305/Group/COMPYSYS-305--Project-Repo/Project Components/ParentProject/VHDL_files/de0_cv_top.vhd Line: 178
Warning (10540): VHDL Signal Declaration warning at de0_cv_top.vhd(182): used explicit default value for signal "wrapped_r" because signal was never assigned a value File: C:/Users/GetMe/OneDrive - The University of Auckland/Uni Work/Part III/Semester One/COMPSYS 305/Group/COMPYSYS-305--Project-Repo/Project Components/ParentProject/VHDL_files/de0_cv_top.vhd Line: 182
Warning (10540): VHDL Signal Declaration warning at de0_cv_top.vhd(183): used explicit default value for signal "wrapped_g" because signal was never assigned a value File: C:/Users/GetMe/OneDrive - The University of Auckland/Uni Work/Part III/Semester One/COMPSYS 305/Group/COMPYSYS-305--Project-Repo/Project Components/ParentProject/VHDL_files/de0_cv_top.vhd Line: 183
Warning (10540): VHDL Signal Declaration warning at de0_cv_top.vhd(184): used explicit default value for signal "wrapped_b" because signal was never assigned a value File: C:/Users/GetMe/OneDrive - The University of Auckland/Uni Work/Part III/Semester One/COMPSYS 305/Group/COMPYSYS-305--Project-Repo/Project Components/ParentProject/VHDL_files/de0_cv_top.vhd Line: 184
Warning (10540): VHDL Signal Declaration warning at de0_cv_top.vhd(238): used explicit default value for signal "pipe_gap" because signal was never assigned a value File: C:/Users/GetMe/OneDrive - The University of Auckland/Uni Work/Part III/Semester One/COMPSYS 305/Group/COMPYSYS-305--Project-Repo/Project Components/ParentProject/VHDL_files/de0_cv_top.vhd Line: 238
Warning (10492): VHDL Process Statement warning at de0_cv_top.vhd(850): signal "pipes_go" is read inside the Process Statement but isn't in the Process Statement's sensitivity list File: C:/Users/GetMe/OneDrive - The University of Auckland/Uni Work/Part III/Semester One/COMPSYS 305/Group/COMPYSYS-305--Project-Repo/Project Components/ParentProject/VHDL_files/de0_cv_top.vhd Line: 850
Info (12128): Elaborating entity "MOUSE" for hierarchy "MOUSE:u_mouse" File: C:/Users/GetMe/OneDrive - The University of Auckland/Uni Work/Part III/Semester One/COMPSYS 305/Group/COMPYSYS-305--Project-Repo/Project Components/ParentProject/VHDL_files/de0_cv_top.vhd Line: 510
Warning (10036): Verilog HDL or VHDL warning at mouse.vhd(25): object "CHARIN" assigned a value but never read File: C:/Users/GetMe/OneDrive - The University of Auckland/Uni Work/Part III/Semester One/COMPSYS 305/Group/COMPYSYS-305--Project-Repo/Project Components/ParentProject/VHDL_files/mouse.vhd Line: 25
Warning (10492): VHDL Process Statement warning at mouse.vhd(151): signal "CHAROUT" is read inside the Process Statement but isn't in the Process Statement's sensitivity list File: C:/Users/GetMe/OneDrive - The University of Auckland/Uni Work/Part III/Semester One/COMPSYS 305/Group/COMPYSYS-305--Project-Repo/Project Components/ParentProject/VHDL_files/mouse.vhd Line: 151
Warning (10492): VHDL Process Statement warning at mouse.vhd(155): signal "CHAROUT" is read inside the Process Statement but isn't in the Process Statement's sensitivity list File: C:/Users/GetMe/OneDrive - The University of Auckland/Uni Work/Part III/Semester One/COMPSYS 305/Group/COMPYSYS-305--Project-Repo/Project Components/ParentProject/VHDL_files/mouse.vhd Line: 155
Warning (10492): VHDL Process Statement warning at mouse.vhd(156): signal "CHAROUT" is read inside the Process Statement but isn't in the Process Statement's sensitivity list File: C:/Users/GetMe/OneDrive - The University of Auckland/Uni Work/Part III/Semester One/COMPSYS 305/Group/COMPYSYS-305--Project-Repo/Project Components/ParentProject/VHDL_files/mouse.vhd Line: 156
Warning (10492): VHDL Process Statement warning at mouse.vhd(157): signal "CHAROUT" is read inside the Process Statement but isn't in the Process Statement's sensitivity list File: C:/Users/GetMe/OneDrive - The University of Auckland/Uni Work/Part III/Semester One/COMPSYS 305/Group/COMPYSYS-305--Project-Repo/Project Components/ParentProject/VHDL_files/mouse.vhd Line: 157
Info (12128): Elaborating entity "bouncy_ball" for hierarchy "bouncy_ball:u_ball" File: C:/Users/GetMe/OneDrive - The University of Auckland/Uni Work/Part III/Semester One/COMPSYS 305/Group/COMPYSYS-305--Project-Repo/Project Components/ParentProject/VHDL_files/de0_cv_top.vhd Line: 525
Info (12128): Elaborating entity "Main_Char_ROM" for hierarchy "bouncy_ball:u_ball|Main_Char_ROM:sprite_rom" File: C:/Users/GetMe/OneDrive - The University of Auckland/Uni Work/Part III/Semester One/COMPSYS 305/Group/COMPYSYS-305--Project-Repo/Project Components/ParentProject/VHDL_files/bouncy_ball.vhd Line: 95
Info (12128): Elaborating entity "altsyncram" for hierarchy "bouncy_ball:u_ball|Main_Char_ROM:sprite_rom|altsyncram:altsyncram_component" File: C:/Users/GetMe/OneDrive - The University of Auckland/Uni Work/Part III/Semester One/COMPSYS 305/Group/COMPYSYS-305--Project-Repo/Project Components/ParentProject/Main_Char_ROM.vhd Line: 60
Info (12130): Elaborated megafunction instantiation "bouncy_ball:u_ball|Main_Char_ROM:sprite_rom|altsyncram:altsyncram_component" File: C:/Users/GetMe/OneDrive - The University of Auckland/Uni Work/Part III/Semester One/COMPSYS 305/Group/COMPYSYS-305--Project-Repo/Project Components/ParentProject/Main_Char_ROM.vhd Line: 60
Info (12133): Instantiated megafunction "bouncy_ball:u_ball|Main_Char_ROM:sprite_rom|altsyncram:altsyncram_component" with the following parameter: File: C:/Users/GetMe/OneDrive - The University of Auckland/Uni Work/Part III/Semester One/COMPSYS 305/Group/COMPYSYS-305--Project-Repo/Project Components/ParentProject/Main_Char_ROM.vhd Line: 60
    Info (12134): Parameter "address_aclr_a" = "NONE"
    Info (12134): Parameter "address_aclr_b" = "NONE"
    Info (12134): Parameter "address_reg_b" = "CLOCK1"
    Info (12134): Parameter "byte_size" = "8"
    Info (12134): Parameter "byteena_aclr_a" = "UNUSED"
    Info (12134): Parameter "byteena_aclr_b" = "NONE"
    Info (12134): Parameter "byteena_reg_b" = "CLOCK1"
    Info (12134): Parameter "clock_enable_core_a" = "USE_INPUT_CLKEN"
    Info (12134): Parameter "clock_enable_core_b" = "USE_INPUT_CLKEN"
    Info (12134): Parameter "clock_enable_input_a" = "BYPASS"
    Info (12134): Parameter "clock_enable_input_b" = "NORMAL"
    Info (12134): Parameter "clock_enable_output_a" = "BYPASS"
    Info (12134): Parameter "clock_enable_output_b" = "NORMAL"
    Info (12134): Parameter "intended_device_family" = "Cyclone V"
    Info (12134): Parameter "ecc_pipeline_stage_enabled" = "FALSE"
    Info (12134): Parameter "enable_ecc" = "FALSE"
    Info (12134): Parameter "implement_in_les" = "OFF"
    Info (12134): Parameter "indata_aclr_a" = "UNUSED"
    Info (12134): Parameter "indata_aclr_b" = "NONE"
    Info (12134): Parameter "indata_reg_b" = "CLOCK1"
    Info (12134): Parameter "init_file" = "./VHDL_files/mc_sprite.mif"
    Info (12134): Parameter "init_file_layout" = "PORT_A"
    Info (12134): Parameter "maximum_depth" = "0"
    Info (12134): Parameter "numwords_a" = "1024"
    Info (12134): Parameter "numwords_b" = "0"
    Info (12134): Parameter "operation_mode" = "ROM"
    Info (12134): Parameter "outdata_aclr_a" = "NONE"
    Info (12134): Parameter "outdata_aclr_b" = "NONE"
    Info (12134): Parameter "outdata_reg_a" = "CLOCK0"
    Info (12134): Parameter "outdata_reg_b" = "UNREGISTERED"
    Info (12134): Parameter "power_up_uninitialized" = "FALSE"
    Info (12134): Parameter "ram_block_type" = "AUTO"
    Info (12134): Parameter "rdcontrol_aclr_b" = "NONE"
    Info (12134): Parameter "rdcontrol_reg_b" = "CLOCK1"
    Info (12134): Parameter "read_during_write_mode_mixed_ports" = "DONT_CARE"
    Info (12134): Parameter "read_during_write_mode_port_a" = "NEW_DATA_NO_NBE_READ"
    Info (12134): Parameter "read_during_write_mode_port_b" = "NEW_DATA_NO_NBE_READ"
    Info (12134): Parameter "stratixiv_m144k_allow_dual_clocks" = "ON"
    Info (12134): Parameter "width_a" = "12"
    Info (12134): Parameter "width_b" = "1"
    Info (12134): Parameter "width_byteena_a" = "1"
    Info (12134): Parameter "width_byteena_b" = "1"
    Info (12134): Parameter "width_eccstatus" = "3"
    Info (12134): Parameter "widthad_a" = "10"
    Info (12134): Parameter "widthad_b" = "1"
    Info (12134): Parameter "wrcontrol_aclr_a" = "UNUSED"
    Info (12134): Parameter "wrcontrol_aclr_b" = "NONE"
    Info (12134): Parameter "wrcontrol_wraddress_reg_b" = "CLOCK1"
    Info (12134): Parameter "lpm_hint" = "ENABLE_RUNTIME_MOD=NO"
    Info (12134): Parameter "lpm_type" = "altsyncram"
Info (12021): Found 1 design units, including 1 entities, in source file db/altsyncram_j034.tdf
    Info (12023): Found entity 1: altsyncram_j034 File: C:/Users/GetMe/OneDrive - The University of Auckland/Uni Work/Part III/Semester One/COMPSYS 305/Group/COMPYSYS-305--Project-Repo/Project Components/ParentProject/db/altsyncram_j034.tdf Line: 27
Info (12128): Elaborating entity "altsyncram_j034" for hierarchy "bouncy_ball:u_ball|Main_Char_ROM:sprite_rom|altsyncram:altsyncram_component|altsyncram_j034:auto_generated" File: c:/intelfpga_lite/18.1/quartus/libraries/megafunctions/altsyncram.tdf Line: 791
Info (12128): Elaborating entity "VGA_SYNC" for hierarchy "VGA_SYNC:u_vga_sync" File: C:/Users/GetMe/OneDrive - The University of Auckland/Uni Work/Part III/Semester One/COMPSYS 305/Group/COMPYSYS-305--Project-Repo/Project Components/ParentProject/VHDL_files/de0_cv_top.vhd Line: 545
Info (12128): Elaborating entity "SevenSegDisplay" for hierarchy "SevenSegDisplay:u_seven_seg" File: C:/Users/GetMe/OneDrive - The University of Auckland/Uni Work/Part III/Semester One/COMPSYS 305/Group/COMPYSYS-305--Project-Repo/Project Components/ParentProject/VHDL_files/de0_cv_top.vhd Line: 564
Info (12128): Elaborating entity "Alphanumeric_to_SevenSeg" for hierarchy "SevenSegDisplay:u_seven_seg|Alphanumeric_to_SevenSeg:digit_one_Counter" File: C:/Users/GetMe/OneDrive - The University of Auckland/Uni Work/Part III/Semester One/COMPSYS 305/Group/COMPYSYS-305--Project-Repo/Project Components/ParentProject/VHDL_files/SevenSegDisplay.vhd Line: 152
Info (12128): Elaborating entity "pipe_generator" for hierarchy "pipe_generator:u_pipe" File: C:/Users/GetMe/OneDrive - The University of Auckland/Uni Work/Part III/Semester One/COMPSYS 305/Group/COMPYSYS-305--Project-Repo/Project Components/ParentProject/VHDL_files/de0_cv_top.vhd Line: 579
Warning (10540): VHDL Signal Declaration warning at pipe_generator.vhd(65): used explicit default value for signal "load_seed" because signal was never assigned a value File: C:/Users/GetMe/OneDrive - The University of Auckland/Uni Work/Part III/Semester One/COMPSYS 305/Group/COMPYSYS-305--Project-Repo/Project Components/ParentProject/VHDL_files/pipe_generator.vhd Line: 65
Warning (10492): VHDL Process Statement warning at pipe_generator.vhd(114): signal "game_on" is read inside the Process Statement but isn't in the Process Statement's sensitivity list File: C:/Users/GetMe/OneDrive - The University of Auckland/Uni Work/Part III/Semester One/COMPSYS 305/Group/COMPYSYS-305--Project-Repo/Project Components/ParentProject/VHDL_files/pipe_generator.vhd Line: 114
Warning (10492): VHDL Process Statement warning at pipe_generator.vhd(127): signal "seed_counter" is read inside the Process Statement but isn't in the Process Statement's sensitivity list File: C:/Users/GetMe/OneDrive - The University of Auckland/Uni Work/Part III/Semester One/COMPSYS 305/Group/COMPYSYS-305--Project-Repo/Project Components/ParentProject/VHDL_files/pipe_generator.vhd Line: 127
Warning (10492): VHDL Process Statement warning at pipe_generator.vhd(135): signal "move_enable" is read inside the Process Statement but isn't in the Process Statement's sensitivity list File: C:/Users/GetMe/OneDrive - The University of Auckland/Uni Work/Part III/Semester One/COMPSYS 305/Group/COMPYSYS-305--Project-Repo/Project Components/ParentProject/VHDL_files/pipe_generator.vhd Line: 135
Warning (10631): VHDL Process Statement warning at pipe_generator.vhd(109): inferring latch(es) for signal or variable "pipe_y_internal", which holds its previous value in one or more paths through the process File: C:/Users/GetMe/OneDrive - The University of Auckland/Uni Work/Part III/Semester One/COMPSYS 305/Group/COMPYSYS-305--Project-Repo/Project Components/ParentProject/VHDL_files/pipe_generator.vhd Line: 109
Warning (10542): VHDL Variable Declaration warning at pipe_generator.vhd(181): used initial value expression for variable "row" because variable was never assigned a value File: C:/Users/GetMe/OneDrive - The University of Auckland/Uni Work/Part III/Semester One/COMPSYS 305/Group/COMPYSYS-305--Project-Repo/Project Components/ParentProject/VHDL_files/pipe_generator.vhd Line: 181
Warning (10542): VHDL Variable Declaration warning at pipe_generator.vhd(182): used initial value expression for variable "col" because variable was never assigned a value File: C:/Users/GetMe/OneDrive - The University of Auckland/Uni Work/Part III/Semester One/COMPSYS 305/Group/COMPYSYS-305--Project-Repo/Project Components/ParentProject/VHDL_files/pipe_generator.vhd Line: 182
Info (10041): Inferred latch for "pipe_y_internal[3][0]" at pipe_generator.vhd(109) File: C:/Users/GetMe/OneDrive - The University of Auckland/Uni Work/Part III/Semester One/COMPSYS 305/Group/COMPYSYS-305--Project-Repo/Project Components/ParentProject/VHDL_files/pipe_generator.vhd Line: 109
Info (10041): Inferred latch for "pipe_y_internal[3][1]" at pipe_generator.vhd(109) File: C:/Users/GetMe/OneDrive - The University of Auckland/Uni Work/Part III/Semester One/COMPSYS 305/Group/COMPYSYS-305--Project-Repo/Project Components/ParentProject/VHDL_files/pipe_generator.vhd Line: 109
Info (10041): Inferred latch for "pipe_y_internal[3][2]" at pipe_generator.vhd(109) File: C:/Users/GetMe/OneDrive - The University of Auckland/Uni Work/Part III/Semester One/COMPSYS 305/Group/COMPYSYS-305--Project-Repo/Project Components/ParentProject/VHDL_files/pipe_generator.vhd Line: 109
Info (10041): Inferred latch for "pipe_y_internal[3][3]" at pipe_generator.vhd(109) File: C:/Users/GetMe/OneDrive - The University of Auckland/Uni Work/Part III/Semester One/COMPSYS 305/Group/COMPYSYS-305--Project-Repo/Project Components/ParentProject/VHDL_files/pipe_generator.vhd Line: 109
Info (10041): Inferred latch for "pipe_y_internal[3][4]" at pipe_generator.vhd(109) File: C:/Users/GetMe/OneDrive - The University of Auckland/Uni Work/Part III/Semester One/COMPSYS 305/Group/COMPYSYS-305--Project-Repo/Project Components/ParentProject/VHDL_files/pipe_generator.vhd Line: 109
Info (10041): Inferred latch for "pipe_y_internal[3][5]" at pipe_generator.vhd(109) File: C:/Users/GetMe/OneDrive - The University of Auckland/Uni Work/Part III/Semester One/COMPSYS 305/Group/COMPYSYS-305--Project-Repo/Project Components/ParentProject/VHDL_files/pipe_generator.vhd Line: 109
Info (10041): Inferred latch for "pipe_y_internal[3][6]" at pipe_generator.vhd(109) File: C:/Users/GetMe/OneDrive - The University of Auckland/Uni Work/Part III/Semester One/COMPSYS 305/Group/COMPYSYS-305--Project-Repo/Project Components/ParentProject/VHDL_files/pipe_generator.vhd Line: 109
Info (10041): Inferred latch for "pipe_y_internal[3][7]" at pipe_generator.vhd(109) File: C:/Users/GetMe/OneDrive - The University of Auckland/Uni Work/Part III/Semester One/COMPSYS 305/Group/COMPYSYS-305--Project-Repo/Project Components/ParentProject/VHDL_files/pipe_generator.vhd Line: 109
Info (10041): Inferred latch for "pipe_y_internal[3][8]" at pipe_generator.vhd(109) File: C:/Users/GetMe/OneDrive - The University of Auckland/Uni Work/Part III/Semester One/COMPSYS 305/Group/COMPYSYS-305--Project-Repo/Project Components/ParentProject/VHDL_files/pipe_generator.vhd Line: 109
Info (10041): Inferred latch for "pipe_y_internal[3][9]" at pipe_generator.vhd(109) File: C:/Users/GetMe/OneDrive - The University of Auckland/Uni Work/Part III/Semester One/COMPSYS 305/Group/COMPYSYS-305--Project-Repo/Project Components/ParentProject/VHDL_files/pipe_generator.vhd Line: 109
Info (10041): Inferred latch for "pipe_y_internal[3][10]" at pipe_generator.vhd(109) File: C:/Users/GetMe/OneDrive - The University of Auckland/Uni Work/Part III/Semester One/COMPSYS 305/Group/COMPYSYS-305--Project-Repo/Project Components/ParentProject/VHDL_files/pipe_generator.vhd Line: 109
Info (12128): Elaborating entity "lfsr" for hierarchy "pipe_generator:u_pipe|lfsr:lfsr_inst" File: C:/Users/GetMe/OneDrive - The University of Auckland/Uni Work/Part III/Semester One/COMPSYS 305/Group/COMPYSYS-305--Project-Repo/Project Components/ParentProject/VHDL_files/pipe_generator.vhd Line: 80
Info (12128): Elaborating entity "char_rom" for hierarchy "char_rom:u_char_rom" File: C:/Users/GetMe/OneDrive - The University of Auckland/Uni Work/Part III/Semester One/COMPSYS 305/Group/COMPYSYS-305--Project-Repo/Project Components/ParentProject/VHDL_files/de0_cv_top.vhd Line: 829
Info (12128): Elaborating entity "altsyncram" for hierarchy "char_rom:u_char_rom|altsyncram:altsyncram_component" File: C:/Users/GetMe/OneDrive - The University of Auckland/Uni Work/Part III/Semester One/COMPSYS 305/Group/COMPYSYS-305--Project-Repo/Project Components/ParentProject/VHDL_files/char_rom.vhd Line: 51
Info (12130): Elaborated megafunction instantiation "char_rom:u_char_rom|altsyncram:altsyncram_component" File: C:/Users/GetMe/OneDrive - The University of Auckland/Uni Work/Part III/Semester One/COMPSYS 305/Group/COMPYSYS-305--Project-Repo/Project Components/ParentProject/VHDL_files/char_rom.vhd Line: 51
Info (12133): Instantiated megafunction "char_rom:u_char_rom|altsyncram:altsyncram_component" with the following parameter: File: C:/Users/GetMe/OneDrive - The University of Auckland/Uni Work/Part III/Semester One/COMPSYS 305/Group/COMPYSYS-305--Project-Repo/Project Components/ParentProject/VHDL_files/char_rom.vhd Line: 51
    Info (12134): Parameter "address_aclr_a" = "NONE"
    Info (12134): Parameter "clock_enable_input_a" = "BYPASS"
    Info (12134): Parameter "clock_enable_output_a" = "BYPASS"
    Info (12134): Parameter "init_file" = "tcgrom.mif"
    Info (12134): Parameter "intended_device_family" = "Cyclone III"
    Info (12134): Parameter "lpm_hint" = "ENABLE_RUNTIME_MOD=NO"
    Info (12134): Parameter "lpm_type" = "altsyncram"
    Info (12134): Parameter "numwords_a" = "512"
    Info (12134): Parameter "operation_mode" = "ROM"
    Info (12134): Parameter "outdata_aclr_a" = "NONE"
    Info (12134): Parameter "outdata_reg_a" = "UNREGISTERED"
    Info (12134): Parameter "widthad_a" = "9"
    Info (12134): Parameter "width_a" = "8"
    Info (12134): Parameter "width_byteena_a" = "1"
Info (12021): Found 1 design units, including 1 entities, in source file db/altsyncram_d5g1.tdf
    Info (12023): Found entity 1: altsyncram_d5g1 File: C:/Users/GetMe/OneDrive - The University of Auckland/Uni Work/Part III/Semester One/COMPSYS 305/Group/COMPYSYS-305--Project-Repo/Project Components/ParentProject/db/altsyncram_d5g1.tdf Line: 27
Info (12128): Elaborating entity "altsyncram_d5g1" for hierarchy "char_rom:u_char_rom|altsyncram:altsyncram_component|altsyncram_d5g1:auto_generated" File: c:/intelfpga_lite/18.1/quartus/libraries/megafunctions/altsyncram.tdf Line: 791
Info (278001): Inferred 3 megafunctions from design logic
    Info (278004): Inferred divider/modulo megafunction ("lpm_divide") from the following logic: "pipe_generator:u_pipe|Mod1" File: C:/Users/GetMe/OneDrive - The University of Auckland/Uni Work/Part III/Semester One/COMPSYS 305/Group/COMPYSYS-305--Project-Repo/Project Components/ParentProject/VHDL_files/pipe_generator.vhd Line: 157
    Info (278004): Inferred divider/modulo megafunction ("lpm_divide") from the following logic: "pipe_generator:u_pipe|Mod0" File: C:/Users/GetMe/OneDrive - The University of Auckland/Uni Work/Part III/Semester One/COMPSYS 305/Group/COMPYSYS-305--Project-Repo/Project Components/ParentProject/VHDL_files/pipe_generator.vhd Line: 127
    Info (278004): Inferred divider/modulo megafunction ("lpm_divide") from the following logic: "pipe_generator:u_pipe|Mod2" File: C:/Users/GetMe/OneDrive - The University of Auckland/Uni Work/Part III/Semester One/COMPSYS 305/Group/COMPYSYS-305--Project-Repo/Project Components/ParentProject/VHDL_files/pipe_generator.vhd Line: 164
Info (12130): Elaborated megafunction instantiation "pipe_generator:u_pipe|lpm_divide:Mod1" File: C:/Users/GetMe/OneDrive - The University of Auckland/Uni Work/Part III/Semester One/COMPSYS 305/Group/COMPYSYS-305--Project-Repo/Project Components/ParentProject/VHDL_files/pipe_generator.vhd Line: 157
Info (12133): Instantiated megafunction "pipe_generator:u_pipe|lpm_divide:Mod1" with the following parameter: File: C:/Users/GetMe/OneDrive - The University of Auckland/Uni Work/Part III/Semester One/COMPSYS 305/Group/COMPYSYS-305--Project-Repo/Project Components/ParentProject/VHDL_files/pipe_generator.vhd Line: 157
    Info (12134): Parameter "LPM_WIDTHN" = "10"
    Info (12134): Parameter "LPM_WIDTHD" = "10"
    Info (12134): Parameter "LPM_NREPRESENTATION" = "UNSIGNED"
    Info (12134): Parameter "LPM_DREPRESENTATION" = "UNSIGNED"
Info (12021): Found 1 design units, including 1 entities, in source file db/lpm_divide_u4m.tdf
    Info (12023): Found entity 1: lpm_divide_u4m File: C:/Users/GetMe/OneDrive - The University of Auckland/Uni Work/Part III/Semester One/COMPSYS 305/Group/COMPYSYS-305--Project-Repo/Project Components/ParentProject/db/lpm_divide_u4m.tdf Line: 24
Info (12021): Found 1 design units, including 1 entities, in source file db/sign_div_unsign_1nh.tdf
    Info (12023): Found entity 1: sign_div_unsign_1nh File: C:/Users/GetMe/OneDrive - The University of Auckland/Uni Work/Part III/Semester One/COMPSYS 305/Group/COMPYSYS-305--Project-Repo/Project Components/ParentProject/db/sign_div_unsign_1nh.tdf Line: 24
Info (12021): Found 1 design units, including 1 entities, in source file db/alt_u_div_82f.tdf
    Info (12023): Found entity 1: alt_u_div_82f File: C:/Users/GetMe/OneDrive - The University of Auckland/Uni Work/Part III/Semester One/COMPSYS 305/Group/COMPYSYS-305--Project-Repo/Project Components/ParentProject/db/alt_u_div_82f.tdf Line: 22
Info (12130): Elaborated megafunction instantiation "pipe_generator:u_pipe|lpm_divide:Mod2" File: C:/Users/GetMe/OneDrive - The University of Auckland/Uni Work/Part III/Semester One/COMPSYS 305/Group/COMPYSYS-305--Project-Repo/Project Components/ParentProject/VHDL_files/pipe_generator.vhd Line: 164
Info (12133): Instantiated megafunction "pipe_generator:u_pipe|lpm_divide:Mod2" with the following parameter: File: C:/Users/GetMe/OneDrive - The University of Auckland/Uni Work/Part III/Semester One/COMPSYS 305/Group/COMPYSYS-305--Project-Repo/Project Components/ParentProject/VHDL_files/pipe_generator.vhd Line: 164
    Info (12134): Parameter "LPM_WIDTHN" = "3"
    Info (12134): Parameter "LPM_WIDTHD" = "3"
    Info (12134): Parameter "LPM_NREPRESENTATION" = "UNSIGNED"
    Info (12134): Parameter "LPM_DREPRESENTATION" = "UNSIGNED"
Info (12021): Found 1 design units, including 1 entities, in source file db/lpm_divide_22m.tdf
    Info (12023): Found entity 1: lpm_divide_22m File: C:/Users/GetMe/OneDrive - The University of Auckland/Uni Work/Part III/Semester One/COMPSYS 305/Group/COMPYSYS-305--Project-Repo/Project Components/ParentProject/db/lpm_divide_22m.tdf Line: 24
Info (12021): Found 1 design units, including 1 entities, in source file db/sign_div_unsign_5kh.tdf
    Info (12023): Found entity 1: sign_div_unsign_5kh File: C:/Users/GetMe/OneDrive - The University of Auckland/Uni Work/Part III/Semester One/COMPSYS 305/Group/COMPYSYS-305--Project-Repo/Project Components/ParentProject/db/sign_div_unsign_5kh.tdf Line: 24
Info (12021): Found 1 design units, including 1 entities, in source file db/alt_u_div_gse.tdf
    Info (12023): Found entity 1: alt_u_div_gse File: C:/Users/GetMe/OneDrive - The University of Auckland/Uni Work/Part III/Semester One/COMPSYS 305/Group/COMPYSYS-305--Project-Repo/Project Components/ParentProject/db/alt_u_div_gse.tdf Line: 22
Info (13000): Registers with preset signals will power-up high File: C:/Users/GetMe/OneDrive - The University of Auckland/Uni Work/Part III/Semester One/COMPSYS 305/Group/COMPYSYS-305--Project-Repo/Project Components/ParentProject/VHDL_files/mouse.vhd Line: 146
Info (13003): DEV_CLRn pin will set, and not reset, register with preset signal due to NOT Gate Push-Back
Warning (13004): Presettable and clearable registers converted to equivalent circuits with latches. Registers power-up to an undefined state, and DEVCLRn places the registers in an undefined state.
    Warning (13310): Register "pipe_generator:u_pipe|pipe_y_internal[1][10]" is converted into an equivalent circuit using register "pipe_generator:u_pipe|pipe_y_internal[1][10]~_emulated" and latch "pipe_generator:u_pipe|pipe_y_internal[1][10]~1" File: C:/Users/GetMe/OneDrive - The University of Auckland/Uni Work/Part III/Semester One/COMPSYS 305/Group/COMPYSYS-305--Project-Repo/Project Components/ParentProject/VHDL_files/pipe_generator.vhd Line: 114
    Warning (13310): Register "pipe_generator:u_pipe|pipe_y_internal[1][2]" is converted into an equivalent circuit using register "pipe_generator:u_pipe|pipe_y_internal[1][2]~_emulated" and latch "pipe_generator:u_pipe|pipe_y_internal[1][2]~5" File: C:/Users/GetMe/OneDrive - The University of Auckland/Uni Work/Part III/Semester One/COMPSYS 305/Group/COMPYSYS-305--Project-Repo/Project Components/ParentProject/VHDL_files/pipe_generator.vhd Line: 114
    Warning (13310): Register "pipe_generator:u_pipe|pipe_y_internal[1][1]" is converted into an equivalent circuit using register "pipe_generator:u_pipe|pipe_y_internal[1][1]~_emulated" and latch "pipe_generator:u_pipe|pipe_y_internal[1][1]~9" File: C:/Users/GetMe/OneDrive - The University of Auckland/Uni Work/Part III/Semester One/COMPSYS 305/Group/COMPYSYS-305--Project-Repo/Project Components/ParentProject/VHDL_files/pipe_generator.vhd Line: 114
    Warning (13310): Register "pipe_generator:u_pipe|pipe_y_internal[1][0]" is converted into an equivalent circuit using register "pipe_generator:u_pipe|pipe_y_internal[1][0]~_emulated" and latch "pipe_generator:u_pipe|pipe_y_internal[1][0]~13" File: C:/Users/GetMe/OneDrive - The University of Auckland/Uni Work/Part III/Semester One/COMPSYS 305/Group/COMPYSYS-305--Project-Repo/Project Components/ParentProject/VHDL_files/pipe_generator.vhd Line: 114
    Warning (13310): Register "pipe_generator:u_pipe|pipe_y_internal[1][9]" is converted into an equivalent circuit using register "pipe_generator:u_pipe|pipe_y_internal[1][9]~_emulated" and latch "pipe_generator:u_pipe|pipe_y_internal[1][9]~17" File: C:/Users/GetMe/OneDrive - The University of Auckland/Uni Work/Part III/Semester One/COMPSYS 305/Group/COMPYSYS-305--Project-Repo/Project Components/ParentProject/VHDL_files/pipe_generator.vhd Line: 114
    Warning (13310): Register "pipe_generator:u_pipe|pipe_y_internal[1][8]" is converted into an equivalent circuit using register "pipe_generator:u_pipe|pipe_y_internal[1][8]~_emulated" and latch "pipe_generator:u_pipe|pipe_y_internal[1][8]~21" File: C:/Users/GetMe/OneDrive - The University of Auckland/Uni Work/Part III/Semester One/COMPSYS 305/Group/COMPYSYS-305--Project-Repo/Project Components/ParentProject/VHDL_files/pipe_generator.vhd Line: 114
    Warning (13310): Register "pipe_generator:u_pipe|pipe_y_internal[1][7]" is converted into an equivalent circuit using register "pipe_generator:u_pipe|pipe_y_internal[1][7]~_emulated" and latch "pipe_generator:u_pipe|pipe_y_internal[1][7]~25" File: C:/Users/GetMe/OneDrive - The University of Auckland/Uni Work/Part III/Semester One/COMPSYS 305/Group/COMPYSYS-305--Project-Repo/Project Components/ParentProject/VHDL_files/pipe_generator.vhd Line: 114
    Warning (13310): Register "pipe_generator:u_pipe|pipe_y_internal[1][6]" is converted into an equivalent circuit using register "pipe_generator:u_pipe|pipe_y_internal[1][6]~_emulated" and latch "pipe_generator:u_pipe|pipe_y_internal[1][6]~29" File: C:/Users/GetMe/OneDrive - The University of Auckland/Uni Work/Part III/Semester One/COMPSYS 305/Group/COMPYSYS-305--Project-Repo/Project Components/ParentProject/VHDL_files/pipe_generator.vhd Line: 114
    Warning (13310): Register "pipe_generator:u_pipe|pipe_y_internal[1][5]" is converted into an equivalent circuit using register "pipe_generator:u_pipe|pipe_y_internal[1][5]~_emulated" and latch "pipe_generator:u_pipe|pipe_y_internal[1][5]~33" File: C:/Users/GetMe/OneDrive - The University of Auckland/Uni Work/Part III/Semester One/COMPSYS 305/Group/COMPYSYS-305--Project-Repo/Project Components/ParentProject/VHDL_files/pipe_generator.vhd Line: 114
    Warning (13310): Register "pipe_generator:u_pipe|pipe_y_internal[1][4]" is converted into an equivalent circuit using register "pipe_generator:u_pipe|pipe_y_internal[1][4]~_emulated" and latch "pipe_generator:u_pipe|pipe_y_internal[1][4]~37" File: C:/Users/GetMe/OneDrive - The University of Auckland/Uni Work/Part III/Semester One/COMPSYS 305/Group/COMPYSYS-305--Project-Repo/Project Components/ParentProject/VHDL_files/pipe_generator.vhd Line: 114
    Warning (13310): Register "pipe_generator:u_pipe|pipe_y_internal[1][3]" is converted into an equivalent circuit using register "pipe_generator:u_pipe|pipe_y_internal[1][3]~_emulated" and latch "pipe_generator:u_pipe|pipe_y_internal[1][3]~41" File: C:/Users/GetMe/OneDrive - The University of Auckland/Uni Work/Part III/Semester One/COMPSYS 305/Group/COMPYSYS-305--Project-Repo/Project Components/ParentProject/VHDL_files/pipe_generator.vhd Line: 114
    Warning (13310): Register "pipe_generator:u_pipe|pipe_y_internal[0][10]" is converted into an equivalent circuit using register "pipe_generator:u_pipe|pipe_y_internal[0][10]~_emulated" and latch "pipe_generator:u_pipe|pipe_y_internal[1][10]~1" File: C:/Users/GetMe/OneDrive - The University of Auckland/Uni Work/Part III/Semester One/COMPSYS 305/Group/COMPYSYS-305--Project-Repo/Project Components/ParentProject/VHDL_files/pipe_generator.vhd Line: 114
    Warning (13310): Register "pipe_generator:u_pipe|pipe_y_internal[0][2]" is converted into an equivalent circuit using register "pipe_generator:u_pipe|pipe_y_internal[0][2]~_emulated" and latch "pipe_generator:u_pipe|pipe_y_internal[1][2]~5" File: C:/Users/GetMe/OneDrive - The University of Auckland/Uni Work/Part III/Semester One/COMPSYS 305/Group/COMPYSYS-305--Project-Repo/Project Components/ParentProject/VHDL_files/pipe_generator.vhd Line: 114
    Warning (13310): Register "pipe_generator:u_pipe|pipe_y_internal[0][1]" is converted into an equivalent circuit using register "pipe_generator:u_pipe|pipe_y_internal[0][1]~_emulated" and latch "pipe_generator:u_pipe|pipe_y_internal[1][1]~9" File: C:/Users/GetMe/OneDrive - The University of Auckland/Uni Work/Part III/Semester One/COMPSYS 305/Group/COMPYSYS-305--Project-Repo/Project Components/ParentProject/VHDL_files/pipe_generator.vhd Line: 114
    Warning (13310): Register "pipe_generator:u_pipe|pipe_y_internal[0][0]" is converted into an equivalent circuit using register "pipe_generator:u_pipe|pipe_y_internal[0][0]~_emulated" and latch "pipe_generator:u_pipe|pipe_y_internal[1][0]~13" File: C:/Users/GetMe/OneDrive - The University of Auckland/Uni Work/Part III/Semester One/COMPSYS 305/Group/COMPYSYS-305--Project-Repo/Project Components/ParentProject/VHDL_files/pipe_generator.vhd Line: 114
    Warning (13310): Register "pipe_generator:u_pipe|pipe_y_internal[0][9]" is converted into an equivalent circuit using register "pipe_generator:u_pipe|pipe_y_internal[0][9]~_emulated" and latch "pipe_generator:u_pipe|pipe_y_internal[1][9]~17" File: C:/Users/GetMe/OneDrive - The University of Auckland/Uni Work/Part III/Semester One/COMPSYS 305/Group/COMPYSYS-305--Project-Repo/Project Components/ParentProject/VHDL_files/pipe_generator.vhd Line: 114
    Warning (13310): Register "pipe_generator:u_pipe|pipe_y_internal[0][8]" is converted into an equivalent circuit using register "pipe_generator:u_pipe|pipe_y_internal[0][8]~_emulated" and latch "pipe_generator:u_pipe|pipe_y_internal[1][8]~21" File: C:/Users/GetMe/OneDrive - The University of Auckland/Uni Work/Part III/Semester One/COMPSYS 305/Group/COMPYSYS-305--Project-Repo/Project Components/ParentProject/VHDL_files/pipe_generator.vhd Line: 114
    Warning (13310): Register "pipe_generator:u_pipe|pipe_y_internal[0][7]" is converted into an equivalent circuit using register "pipe_generator:u_pipe|pipe_y_internal[0][7]~_emulated" and latch "pipe_generator:u_pipe|pipe_y_internal[1][7]~25" File: C:/Users/GetMe/OneDrive - The University of Auckland/Uni Work/Part III/Semester One/COMPSYS 305/Group/COMPYSYS-305--Project-Repo/Project Components/ParentProject/VHDL_files/pipe_generator.vhd Line: 114
    Warning (13310): Register "pipe_generator:u_pipe|pipe_y_internal[0][6]" is converted into an equivalent circuit using register "pipe_generator:u_pipe|pipe_y_internal[0][6]~_emulated" and latch "pipe_generator:u_pipe|pipe_y_internal[1][6]~29" File: C:/Users/GetMe/OneDrive - The University of Auckland/Uni Work/Part III/Semester One/COMPSYS 305/Group/COMPYSYS-305--Project-Repo/Project Components/ParentProject/VHDL_files/pipe_generator.vhd Line: 114
    Warning (13310): Register "pipe_generator:u_pipe|pipe_y_internal[0][5]" is converted into an equivalent circuit using register "pipe_generator:u_pipe|pipe_y_internal[0][5]~_emulated" and latch "pipe_generator:u_pipe|pipe_y_internal[1][5]~33" File: C:/Users/GetMe/OneDrive - The University of Auckland/Uni Work/Part III/Semester One/COMPSYS 305/Group/COMPYSYS-305--Project-Repo/Project Components/ParentProject/VHDL_files/pipe_generator.vhd Line: 114
    Warning (13310): Register "pipe_generator:u_pipe|pipe_y_internal[0][4]" is converted into an equivalent circuit using register "pipe_generator:u_pipe|pipe_y_internal[0][4]~_emulated" and latch "pipe_generator:u_pipe|pipe_y_internal[1][4]~37" File: C:/Users/GetMe/OneDrive - The University of Auckland/Uni Work/Part III/Semester One/COMPSYS 305/Group/COMPYSYS-305--Project-Repo/Project Components/ParentProject/VHDL_files/pipe_generator.vhd Line: 114
    Warning (13310): Register "pipe_generator:u_pipe|pipe_y_internal[0][3]" is converted into an equivalent circuit using register "pipe_generator:u_pipe|pipe_y_internal[0][3]~_emulated" and latch "pipe_generator:u_pipe|pipe_y_internal[1][3]~41" File: C:/Users/GetMe/OneDrive - The University of Auckland/Uni Work/Part III/Semester One/COMPSYS 305/Group/COMPYSYS-305--Project-Repo/Project Components/ParentProject/VHDL_files/pipe_generator.vhd Line: 114
    Warning (13310): Register "pipe_generator:u_pipe|pipe_y_internal[2][10]" is converted into an equivalent circuit using register "pipe_generator:u_pipe|pipe_y_internal[2][10]~_emulated" and latch "pipe_generator:u_pipe|pipe_y_internal[1][10]~1" File: C:/Users/GetMe/OneDrive - The University of Auckland/Uni Work/Part III/Semester One/COMPSYS 305/Group/COMPYSYS-305--Project-Repo/Project Components/ParentProject/VHDL_files/pipe_generator.vhd Line: 114
    Warning (13310): Register "pipe_generator:u_pipe|pipe_y_internal[2][2]" is converted into an equivalent circuit using register "pipe_generator:u_pipe|pipe_y_internal[2][2]~_emulated" and latch "pipe_generator:u_pipe|pipe_y_internal[1][2]~5" File: C:/Users/GetMe/OneDrive - The University of Auckland/Uni Work/Part III/Semester One/COMPSYS 305/Group/COMPYSYS-305--Project-Repo/Project Components/ParentProject/VHDL_files/pipe_generator.vhd Line: 114
    Warning (13310): Register "pipe_generator:u_pipe|pipe_y_internal[2][1]" is converted into an equivalent circuit using register "pipe_generator:u_pipe|pipe_y_internal[2][1]~_emulated" and latch "pipe_generator:u_pipe|pipe_y_internal[1][1]~9" File: C:/Users/GetMe/OneDrive - The University of Auckland/Uni Work/Part III/Semester One/COMPSYS 305/Group/COMPYSYS-305--Project-Repo/Project Components/ParentProject/VHDL_files/pipe_generator.vhd Line: 114
    Warning (13310): Register "pipe_generator:u_pipe|pipe_y_internal[2][0]" is converted into an equivalent circuit using register "pipe_generator:u_pipe|pipe_y_internal[2][0]~_emulated" and latch "pipe_generator:u_pipe|pipe_y_internal[1][0]~13" File: C:/Users/GetMe/OneDrive - The University of Auckland/Uni Work/Part III/Semester One/COMPSYS 305/Group/COMPYSYS-305--Project-Repo/Project Components/ParentProject/VHDL_files/pipe_generator.vhd Line: 114
    Warning (13310): Register "pipe_generator:u_pipe|pipe_y_internal[2][9]" is converted into an equivalent circuit using register "pipe_generator:u_pipe|pipe_y_internal[2][9]~_emulated" and latch "pipe_generator:u_pipe|pipe_y_internal[1][9]~17" File: C:/Users/GetMe/OneDrive - The University of Auckland/Uni Work/Part III/Semester One/COMPSYS 305/Group/COMPYSYS-305--Project-Repo/Project Components/ParentProject/VHDL_files/pipe_generator.vhd Line: 114
    Warning (13310): Register "pipe_generator:u_pipe|pipe_y_internal[2][8]" is converted into an equivalent circuit using register "pipe_generator:u_pipe|pipe_y_internal[2][8]~_emulated" and latch "pipe_generator:u_pipe|pipe_y_internal[1][8]~21" File: C:/Users/GetMe/OneDrive - The University of Auckland/Uni Work/Part III/Semester One/COMPSYS 305/Group/COMPYSYS-305--Project-Repo/Project Components/ParentProject/VHDL_files/pipe_generator.vhd Line: 114
    Warning (13310): Register "pipe_generator:u_pipe|pipe_y_internal[2][7]" is converted into an equivalent circuit using register "pipe_generator:u_pipe|pipe_y_internal[2][7]~_emulated" and latch "pipe_generator:u_pipe|pipe_y_internal[1][7]~25" File: C:/Users/GetMe/OneDrive - The University of Auckland/Uni Work/Part III/Semester One/COMPSYS 305/Group/COMPYSYS-305--Project-Repo/Project Components/ParentProject/VHDL_files/pipe_generator.vhd Line: 114
    Warning (13310): Register "pipe_generator:u_pipe|pipe_y_internal[2][6]" is converted into an equivalent circuit using register "pipe_generator:u_pipe|pipe_y_internal[2][6]~_emulated" and latch "pipe_generator:u_pipe|pipe_y_internal[1][6]~29" File: C:/Users/GetMe/OneDrive - The University of Auckland/Uni Work/Part III/Semester One/COMPSYS 305/Group/COMPYSYS-305--Project-Repo/Project Components/ParentProject/VHDL_files/pipe_generator.vhd Line: 114
    Warning (13310): Register "pipe_generator:u_pipe|pipe_y_internal[2][5]" is converted into an equivalent circuit using register "pipe_generator:u_pipe|pipe_y_internal[2][5]~_emulated" and latch "pipe_generator:u_pipe|pipe_y_internal[1][5]~33" File: C:/Users/GetMe/OneDrive - The University of Auckland/Uni Work/Part III/Semester One/COMPSYS 305/Group/COMPYSYS-305--Project-Repo/Project Components/ParentProject/VHDL_files/pipe_generator.vhd Line: 114
    Warning (13310): Register "pipe_generator:u_pipe|pipe_y_internal[2][4]" is converted into an equivalent circuit using register "pipe_generator:u_pipe|pipe_y_internal[2][4]~_emulated" and latch "pipe_generator:u_pipe|pipe_y_internal[1][4]~37" File: C:/Users/GetMe/OneDrive - The University of Auckland/Uni Work/Part III/Semester One/COMPSYS 305/Group/COMPYSYS-305--Project-Repo/Project Components/ParentProject/VHDL_files/pipe_generator.vhd Line: 114
    Warning (13310): Register "pipe_generator:u_pipe|pipe_y_internal[2][3]" is converted into an equivalent circuit using register "pipe_generator:u_pipe|pipe_y_internal[2][3]~_emulated" and latch "pipe_generator:u_pipe|pipe_y_internal[1][3]~41" File: C:/Users/GetMe/OneDrive - The University of Auckland/Uni Work/Part III/Semester One/COMPSYS 305/Group/COMPYSYS-305--Project-Repo/Project Components/ParentProject/VHDL_files/pipe_generator.vhd Line: 114
Warning (13024): Output pins are stuck at VCC or GND
    Warning (13410): Pin "HEX0[0]" is stuck at VCC File: C:/Users/GetMe/OneDrive - The University of Auckland/Uni Work/Part III/Semester One/COMPSYS 305/Group/COMPYSYS-305--Project-Repo/Project Components/ParentProject/VHDL_files/de0_cv_top.vhd Line: 37
    Warning (13410): Pin "HEX0[1]" is stuck at VCC File: C:/Users/GetMe/OneDrive - The University of Auckland/Uni Work/Part III/Semester One/COMPSYS 305/Group/COMPYSYS-305--Project-Repo/Project Components/ParentProject/VHDL_files/de0_cv_top.vhd Line: 37
    Warning (13410): Pin "HEX0[2]" is stuck at VCC File: C:/Users/GetMe/OneDrive - The University of Auckland/Uni Work/Part III/Semester One/COMPSYS 305/Group/COMPYSYS-305--Project-Repo/Project Components/ParentProject/VHDL_files/de0_cv_top.vhd Line: 37
    Warning (13410): Pin "HEX0[3]" is stuck at VCC File: C:/Users/GetMe/OneDrive - The University of Auckland/Uni Work/Part III/Semester One/COMPSYS 305/Group/COMPYSYS-305--Project-Repo/Project Components/ParentProject/VHDL_files/de0_cv_top.vhd Line: 37
    Warning (13410): Pin "HEX0[4]" is stuck at VCC File: C:/Users/GetMe/OneDrive - The University of Auckland/Uni Work/Part III/Semester One/COMPSYS 305/Group/COMPYSYS-305--Project-Repo/Project Components/ParentProject/VHDL_files/de0_cv_top.vhd Line: 37
    Warning (13410): Pin "HEX0[5]" is stuck at VCC File: C:/Users/GetMe/OneDrive - The University of Auckland/Uni Work/Part III/Semester One/COMPSYS 305/Group/COMPYSYS-305--Project-Repo/Project Components/ParentProject/VHDL_files/de0_cv_top.vhd Line: 37
    Warning (13410): Pin "HEX0[6]" is stuck at VCC File: C:/Users/GetMe/OneDrive - The University of Auckland/Uni Work/Part III/Semester One/COMPSYS 305/Group/COMPYSYS-305--Project-Repo/Project Components/ParentProject/VHDL_files/de0_cv_top.vhd Line: 37
    Warning (13410): Pin "HEX3[3]" is stuck at VCC File: C:/Users/GetMe/OneDrive - The University of Auckland/Uni Work/Part III/Semester One/COMPSYS 305/Group/COMPYSYS-305--Project-Repo/Project Components/ParentProject/VHDL_files/de0_cv_top.vhd Line: 40
Info (286030): Timing-Driven Synthesis is running
Info (16010): Generating hard_block partition "hard_block:auto_generated_inst"
    Info (16011): Adding 0 node(s), including 0 DDIO, 0 PLL, 0 transceiver and 0 LCELL
Info (21057): Implemented 1149 device resources after synthesis - the final resource count might be different
    Info (21058): Implemented 6 input pins
    Info (21059): Implemented 57 output pins
    Info (21060): Implemented 2 bidirectional pins
    Info (21061): Implemented 1064 logic cells
    Info (21064): Implemented 20 RAM segments
Info: Quartus Prime Analysis & Synthesis was successful. 0 errors, 78 warnings
    Info: Peak virtual memory: 4892 megabytes
    Info: Processing ended: Thu May 29 14:54:33 2025
    Info: Elapsed time: 00:00:22
    Info: Total CPU time (on all processors): 00:00:11


