Timing Analyzer report for top_de0_cv
Wed May 28 20:50:24 2025
Quartus Prime Version 18.1.0 Build 625 09/12/2018 SJ Lite Edition


---------------------
; Table of Contents ;
---------------------
  1. Legal Notice
  2. Timing Analyzer Summary
  3. Parallel Compilation
  4. Clocks
  5. Slow 1100mV 85C Model Fmax Summary
  6. Timing Closure Recommendations
  7. Slow 1100mV 85C Model Setup Summary
  8. Slow 1100mV 85C Model Hold Summary
  9. Slow 1100mV 85C Model Recovery Summary
 10. Slow 1100mV 85C Model Removal Summary
 11. Slow 1100mV 85C Model Minimum Pulse Width Summary
 12. Slow 1100mV 85C Model Metastability Summary
 13. Slow 1100mV 0C Model Fmax Summary
 14. Slow 1100mV 0C Model Setup Summary
 15. Slow 1100mV 0C Model Hold Summary
 16. Slow 1100mV 0C Model Recovery Summary
 17. Slow 1100mV 0C Model Removal Summary
 18. Slow 1100mV 0C Model Minimum Pulse Width Summary
 19. Slow 1100mV 0C Model Metastability Summary
 20. Fast 1100mV 85C Model Setup Summary
 21. Fast 1100mV 85C Model Hold Summary
 22. Fast 1100mV 85C Model Recovery Summary
 23. Fast 1100mV 85C Model Removal Summary
 24. Fast 1100mV 85C Model Minimum Pulse Width Summary
 25. Fast 1100mV 85C Model Metastability Summary
 26. Fast 1100mV 0C Model Setup Summary
 27. Fast 1100mV 0C Model Hold Summary
 28. Fast 1100mV 0C Model Recovery Summary
 29. Fast 1100mV 0C Model Removal Summary
 30. Fast 1100mV 0C Model Minimum Pulse Width Summary
 31. Fast 1100mV 0C Model Metastability Summary
 32. Multicorner Timing Analysis Summary
 33. Board Trace Model Assignments
 34. Input Transition Times
 35. Signal Integrity Metrics (Slow 1100mv 0c Model)
 36. Signal Integrity Metrics (Slow 1100mv 85c Model)
 37. Signal Integrity Metrics (Fast 1100mv 0c Model)
 38. Signal Integrity Metrics (Fast 1100mv 85c Model)
 39. Setup Transfers
 40. Hold Transfers
 41. Recovery Transfers
 42. Removal Transfers
 43. Report TCCS
 44. Report RSKM
 45. Unconstrained Paths Summary
 46. Clock Status Summary
 47. Unconstrained Input Ports
 48. Unconstrained Output Ports
 49. Unconstrained Input Ports
 50. Unconstrained Output Ports
 51. Timing Analyzer Messages



----------------
; Legal Notice ;
----------------
Copyright (C) 2018  Intel Corporation. All rights reserved.
Your use of Intel Corporation's design tools, logic functions 
and other software and tools, and its AMPP partner logic 
functions, and any output files from any of the foregoing 
(including device programming or simulation files), and any 
associated documentation or information are expressly subject 
to the terms and conditions of the Intel Program License 
Subscription Agreement, the Intel Quartus Prime License Agreement,
the Intel FPGA IP License Agreement, or other applicable license
agreement, including, without limitation, that your use is for
the sole purpose of programming logic devices manufactured by
Intel and sold by Intel or its authorized distributors.  Please
refer to the applicable agreement for further details.



+-----------------------------------------------------------------------------+
; Timing Analyzer Summary                                                     ;
+-----------------------+-----------------------------------------------------+
; Quartus Prime Version ; Version 18.1.0 Build 625 09/12/2018 SJ Lite Edition ;
; Timing Analyzer       ; Legacy Timing Analyzer                              ;
; Revision Name         ; top_de0_cv                                          ;
; Device Family         ; Cyclone V                                           ;
; Device Name           ; 5CEBA4F23C7                                         ;
; Timing Models         ; Final                                               ;
; Delay Model           ; Combined                                            ;
; Rise/Fall Delays      ; Enabled                                             ;
+-----------------------+-----------------------------------------------------+


+------------------------------------------+
; Parallel Compilation                     ;
+----------------------------+-------------+
; Processors                 ; Number      ;
+----------------------------+-------------+
; Number detected on machine ; 6           ;
; Maximum allowed            ; 6           ;
;                            ;             ;
; Average used               ; 1.42        ;
; Maximum used               ; 6           ;
;                            ;             ;
; Usage by Processor         ; % Time Used ;
;     Processor 1            ; 100.0%      ;
;     Processor 2            ;   9.0%      ;
;     Processor 3            ;   8.9%      ;
;     Processor 4            ;   8.7%      ;
;     Processor 5            ;   7.8%      ;
;     Processor 6            ;   7.7%      ;
+----------------------------+-------------+


+--------------------------------------------------------------------------------------------------------------------------------------------------------------------------------------------------------------------------------------+
; Clocks                                                                                                                                                                                                                               ;
+-----------------------------------+------+--------+------------+-------+-------+------------+-----------+-------------+-------+--------+-----------+------------+----------+--------+--------+---------------------------------------+
; Clock Name                        ; Type ; Period ; Frequency  ; Rise  ; Fall  ; Duty Cycle ; Divide by ; Multiply by ; Phase ; Offset ; Edge List ; Edge Shift ; Inverted ; Master ; Source ; Targets                               ;
+-----------------------------------+------+--------+------------+-------+-------+------------+-----------+-------------+-------+--------+-----------+------------+----------+--------+--------+---------------------------------------+
; clk25                             ; Base ; 1.000  ; 1000.0 MHz ; 0.000 ; 0.500 ;            ;           ;             ;       ;        ;           ;            ;          ;        ;        ; { clk25 }                             ;
; CLOCK_50                          ; Base ; 1.000  ; 1000.0 MHz ; 0.000 ; 0.500 ;            ;           ;             ;       ;        ;           ;            ;          ;        ;        ; { CLOCK_50 }                          ;
; MOUSE:u_mouse|MOUSE_CLK_FILTER    ; Base ; 1.000  ; 1000.0 MHz ; 0.000 ; 0.500 ;            ;           ;             ;       ;        ;           ;            ;          ;        ;        ; { MOUSE:u_mouse|MOUSE_CLK_FILTER }    ;
; reset_n                           ; Base ; 1.000  ; 1000.0 MHz ; 0.000 ; 0.500 ;            ;           ;             ;       ;        ;           ;            ;          ;        ;        ; { reset_n }                           ;
; VGA_SYNC:u_vga_sync|vert_sync_out ; Base ; 1.000  ; 1000.0 MHz ; 0.000 ; 0.500 ;            ;           ;             ;       ;        ;           ;            ;          ;        ;        ; { VGA_SYNC:u_vga_sync|vert_sync_out } ;
+-----------------------------------+------+--------+------------+-------+-------+------------+-----------+-------------+-------+--------+-----------+------------+----------+--------+--------+---------------------------------------+


+-------------------------------------------------------------------------+
; Slow 1100mV 85C Model Fmax Summary                                      ;
+------------+-----------------+-----------------------------------+------+
; Fmax       ; Restricted Fmax ; Clock Name                        ; Note ;
+------------+-----------------+-----------------------------------+------+
; 117.36 MHz ; 117.36 MHz      ; clk25                             ;      ;
; 262.61 MHz ; 262.61 MHz      ; MOUSE:u_mouse|MOUSE_CLK_FILTER    ;      ;
; 264.9 MHz  ; 264.9 MHz       ; VGA_SYNC:u_vga_sync|vert_sync_out ;      ;
+------------+-----------------+-----------------------------------+------+
This panel reports FMAX for every clock in the design, regardless of the user-specified clock periods.  FMAX is only computed for paths where the source and destination registers or ports are driven by the same clock.  Paths of different clocks, including generated clocks, are ignored.  For paths between a clock and its inversion, FMAX is computed as if the rising and falling edges are scaled along with FMAX, such that the duty cycle (in terms of a percentage) is maintained. Altera recommends that you always use clock constraints and other slack reports for sign-off analysis.


----------------------------------
; Timing Closure Recommendations ;
----------------------------------
HTML report is unavailable in plain text report export.


+------------------------------------------------------------+
; Slow 1100mV 85C Model Setup Summary                        ;
+-----------------------------------+--------+---------------+
; Clock                             ; Slack  ; End Point TNS ;
+-----------------------------------+--------+---------------+
; clk25                             ; -7.521 ; -910.702      ;
; reset_n                           ; -6.362 ; -57.456       ;
; MOUSE:u_mouse|MOUSE_CLK_FILTER    ; -3.080 ; -97.955       ;
; VGA_SYNC:u_vga_sync|vert_sync_out ; -2.775 ; -45.764       ;
; CLOCK_50                          ; -2.203 ; -2.203        ;
+-----------------------------------+--------+---------------+


+-----------------------------------------------------------+
; Slow 1100mV 85C Model Hold Summary                        ;
+-----------------------------------+-------+---------------+
; Clock                             ; Slack ; End Point TNS ;
+-----------------------------------+-------+---------------+
; clk25                             ; 0.060 ; 0.000         ;
; MOUSE:u_mouse|MOUSE_CLK_FILTER    ; 0.417 ; 0.000         ;
; CLOCK_50                          ; 0.564 ; 0.000         ;
; reset_n                           ; 0.802 ; 0.000         ;
; VGA_SYNC:u_vga_sync|vert_sync_out ; 0.870 ; 0.000         ;
+-----------------------------------+-------+---------------+


+---------------------------------------------------------+
; Slow 1100mV 85C Model Recovery Summary                  ;
+--------------------------------+--------+---------------+
; Clock                          ; Slack  ; End Point TNS ;
+--------------------------------+--------+---------------+
; clk25                          ; -2.907 ; -342.079      ;
; MOUSE:u_mouse|MOUSE_CLK_FILTER ; -2.814 ; -51.897       ;
+--------------------------------+--------+---------------+


+--------------------------------------------------------+
; Slow 1100mV 85C Model Removal Summary                  ;
+--------------------------------+-------+---------------+
; Clock                          ; Slack ; End Point TNS ;
+--------------------------------+-------+---------------+
; clk25                          ; 0.953 ; 0.000         ;
; MOUSE:u_mouse|MOUSE_CLK_FILTER ; 0.991 ; 0.000         ;
+--------------------------------+-------+---------------+


+------------------------------------------------------------+
; Slow 1100mV 85C Model Minimum Pulse Width Summary          ;
+-----------------------------------+--------+---------------+
; Clock                             ; Slack  ; End Point TNS ;
+-----------------------------------+--------+---------------+
; clk25                             ; -2.636 ; -262.489      ;
; CLOCK_50                          ; -0.593 ; -1.131        ;
; MOUSE:u_mouse|MOUSE_CLK_FILTER    ; -0.538 ; -27.900       ;
; VGA_SYNC:u_vga_sync|vert_sync_out ; -0.538 ; -14.498       ;
; reset_n                           ; -0.067 ; -0.111        ;
+-----------------------------------+--------+---------------+


-----------------------------------------------
; Slow 1100mV 85C Model Metastability Summary ;
-----------------------------------------------
Design MTBF is not calculated because the design doesn't meet its timing requirements.



+-------------------------------------------------------------------------+
; Slow 1100mV 0C Model Fmax Summary                                       ;
+------------+-----------------+-----------------------------------+------+
; Fmax       ; Restricted Fmax ; Clock Name                        ; Note ;
+------------+-----------------+-----------------------------------+------+
; 117.0 MHz  ; 117.0 MHz       ; clk25                             ;      ;
; 253.04 MHz ; 253.04 MHz      ; VGA_SYNC:u_vga_sync|vert_sync_out ;      ;
; 261.92 MHz ; 261.92 MHz      ; MOUSE:u_mouse|MOUSE_CLK_FILTER    ;      ;
+------------+-----------------+-----------------------------------+------+
This panel reports FMAX for every clock in the design, regardless of the user-specified clock periods.  FMAX is only computed for paths where the source and destination registers or ports are driven by the same clock.  Paths of different clocks, including generated clocks, are ignored.  For paths between a clock and its inversion, FMAX is computed as if the rising and falling edges are scaled along with FMAX, such that the duty cycle (in terms of a percentage) is maintained. Altera recommends that you always use clock constraints and other slack reports for sign-off analysis.


+------------------------------------------------------------+
; Slow 1100mV 0C Model Setup Summary                         ;
+-----------------------------------+--------+---------------+
; Clock                             ; Slack  ; End Point TNS ;
+-----------------------------------+--------+---------------+
; clk25                             ; -7.605 ; -897.331      ;
; reset_n                           ; -6.694 ; -61.194       ;
; MOUSE:u_mouse|MOUSE_CLK_FILTER    ; -2.994 ; -89.042       ;
; VGA_SYNC:u_vga_sync|vert_sync_out ; -2.952 ; -47.436       ;
; CLOCK_50                          ; -2.082 ; -2.082        ;
+-----------------------------------+--------+---------------+


+-----------------------------------------------------------+
; Slow 1100mV 0C Model Hold Summary                         ;
+-----------------------------------+-------+---------------+
; Clock                             ; Slack ; End Point TNS ;
+-----------------------------------+-------+---------------+
; clk25                             ; 0.136 ; 0.000         ;
; MOUSE:u_mouse|MOUSE_CLK_FILTER    ; 0.464 ; 0.000         ;
; CLOCK_50                          ; 0.496 ; 0.000         ;
; reset_n                           ; 0.697 ; 0.000         ;
; VGA_SYNC:u_vga_sync|vert_sync_out ; 0.893 ; 0.000         ;
+-----------------------------------+-------+---------------+


+---------------------------------------------------------+
; Slow 1100mV 0C Model Recovery Summary                   ;
+--------------------------------+--------+---------------+
; Clock                          ; Slack  ; End Point TNS ;
+--------------------------------+--------+---------------+
; clk25                          ; -2.919 ; -343.573      ;
; MOUSE:u_mouse|MOUSE_CLK_FILTER ; -2.722 ; -48.064       ;
+--------------------------------+--------+---------------+


+--------------------------------------------------------+
; Slow 1100mV 0C Model Removal Summary                   ;
+--------------------------------+-------+---------------+
; Clock                          ; Slack ; End Point TNS ;
+--------------------------------+-------+---------------+
; MOUSE:u_mouse|MOUSE_CLK_FILTER ; 0.901 ; 0.000         ;
; clk25                          ; 1.004 ; 0.000         ;
+--------------------------------+-------+---------------+


+------------------------------------------------------------+
; Slow 1100mV 0C Model Minimum Pulse Width Summary           ;
+-----------------------------------+--------+---------------+
; Clock                             ; Slack  ; End Point TNS ;
+-----------------------------------+--------+---------------+
; clk25                             ; -2.636 ; -257.596      ;
; CLOCK_50                          ; -0.654 ; -1.192        ;
; MOUSE:u_mouse|MOUSE_CLK_FILTER    ; -0.538 ; -27.974       ;
; VGA_SYNC:u_vga_sync|vert_sync_out ; -0.538 ; -14.364       ;
; reset_n                           ; -0.052 ; -0.129        ;
+-----------------------------------+--------+---------------+


----------------------------------------------
; Slow 1100mV 0C Model Metastability Summary ;
----------------------------------------------
Design MTBF is not calculated because the design doesn't meet its timing requirements.



+------------------------------------------------------------+
; Fast 1100mV 85C Model Setup Summary                        ;
+-----------------------------------+--------+---------------+
; Clock                             ; Slack  ; End Point TNS ;
+-----------------------------------+--------+---------------+
; clk25                             ; -3.371 ; -384.638      ;
; reset_n                           ; -2.664 ; -23.811       ;
; CLOCK_50                          ; -1.681 ; -1.681        ;
; MOUSE:u_mouse|MOUSE_CLK_FILTER    ; -1.398 ; -40.771       ;
; VGA_SYNC:u_vga_sync|vert_sync_out ; -1.217 ; -17.222       ;
+-----------------------------------+--------+---------------+


+-----------------------------------------------------------+
; Fast 1100mV 85C Model Hold Summary                        ;
+-----------------------------------+-------+---------------+
; Clock                             ; Slack ; End Point TNS ;
+-----------------------------------+-------+---------------+
; clk25                             ; 0.012 ; 0.000         ;
; MOUSE:u_mouse|MOUSE_CLK_FILTER    ; 0.244 ; 0.000         ;
; reset_n                           ; 0.318 ; 0.000         ;
; VGA_SYNC:u_vga_sync|vert_sync_out ; 0.431 ; 0.000         ;
; CLOCK_50                          ; 0.776 ; 0.000         ;
+-----------------------------------+-------+---------------+


+---------------------------------------------------------+
; Fast 1100mV 85C Model Recovery Summary                  ;
+--------------------------------+--------+---------------+
; Clock                          ; Slack  ; End Point TNS ;
+--------------------------------+--------+---------------+
; clk25                          ; -1.863 ; -216.155      ;
; MOUSE:u_mouse|MOUSE_CLK_FILTER ; -1.444 ; -22.022       ;
+--------------------------------+--------+---------------+


+--------------------------------------------------------+
; Fast 1100mV 85C Model Removal Summary                  ;
+--------------------------------+-------+---------------+
; Clock                          ; Slack ; End Point TNS ;
+--------------------------------+-------+---------------+
; clk25                          ; 0.176 ; 0.000         ;
; MOUSE:u_mouse|MOUSE_CLK_FILTER ; 0.419 ; 0.000         ;
+--------------------------------+-------+---------------+


+------------------------------------------------------------+
; Fast 1100mV 85C Model Minimum Pulse Width Summary          ;
+-----------------------------------+--------+---------------+
; Clock                             ; Slack  ; End Point TNS ;
+-----------------------------------+--------+---------------+
; clk25                             ; -2.174 ; -39.823       ;
; CLOCK_50                          ; -0.718 ; -1.249        ;
; reset_n                           ; -0.419 ; -7.637        ;
; MOUSE:u_mouse|MOUSE_CLK_FILTER    ; 0.053  ; 0.000         ;
; VGA_SYNC:u_vga_sync|vert_sync_out ; 0.070  ; 0.000         ;
+-----------------------------------+--------+---------------+


-----------------------------------------------
; Fast 1100mV 85C Model Metastability Summary ;
-----------------------------------------------
Design MTBF is not calculated because the design doesn't meet its timing requirements.



+------------------------------------------------------------+
; Fast 1100mV 0C Model Setup Summary                         ;
+-----------------------------------+--------+---------------+
; Clock                             ; Slack  ; End Point TNS ;
+-----------------------------------+--------+---------------+
; clk25                             ; -3.038 ; -335.459      ;
; reset_n                           ; -2.299 ; -20.484       ;
; CLOCK_50                          ; -1.449 ; -1.449        ;
; MOUSE:u_mouse|MOUSE_CLK_FILTER    ; -1.399 ; -37.218       ;
; VGA_SYNC:u_vga_sync|vert_sync_out ; -1.089 ; -15.567       ;
+-----------------------------------+--------+---------------+


+------------------------------------------------------------+
; Fast 1100mV 0C Model Hold Summary                          ;
+-----------------------------------+--------+---------------+
; Clock                             ; Slack  ; End Point TNS ;
+-----------------------------------+--------+---------------+
; clk25                             ; -0.002 ; -0.002        ;
; MOUSE:u_mouse|MOUSE_CLK_FILTER    ; 0.230  ; 0.000         ;
; reset_n                           ; 0.231  ; 0.000         ;
; VGA_SYNC:u_vga_sync|vert_sync_out ; 0.388  ; 0.000         ;
; CLOCK_50                          ; 0.595  ; 0.000         ;
+-----------------------------------+--------+---------------+


+---------------------------------------------------------+
; Fast 1100mV 0C Model Recovery Summary                   ;
+--------------------------------+--------+---------------+
; Clock                          ; Slack  ; End Point TNS ;
+--------------------------------+--------+---------------+
; clk25                          ; -1.834 ; -216.060      ;
; MOUSE:u_mouse|MOUSE_CLK_FILTER ; -1.402 ; -20.330       ;
+--------------------------------+--------+---------------+


+--------------------------------------------------------+
; Fast 1100mV 0C Model Removal Summary                   ;
+--------------------------------+-------+---------------+
; Clock                          ; Slack ; End Point TNS ;
+--------------------------------+-------+---------------+
; clk25                          ; 0.216 ; 0.000         ;
; MOUSE:u_mouse|MOUSE_CLK_FILTER ; 0.375 ; 0.000         ;
+--------------------------------+-------+---------------+


+------------------------------------------------------------+
; Fast 1100mV 0C Model Minimum Pulse Width Summary           ;
+-----------------------------------+--------+---------------+
; Clock                             ; Slack  ; End Point TNS ;
+-----------------------------------+--------+---------------+
; clk25                             ; -2.174 ; -34.749       ;
; CLOCK_50                          ; -0.765 ; -1.402        ;
; reset_n                           ; -0.446 ; -8.247        ;
; MOUSE:u_mouse|MOUSE_CLK_FILTER    ; 0.053  ; 0.000         ;
; VGA_SYNC:u_vga_sync|vert_sync_out ; 0.085  ; 0.000         ;
+-----------------------------------+--------+---------------+


----------------------------------------------
; Fast 1100mV 0C Model Metastability Summary ;
----------------------------------------------
Design MTBF is not calculated because the design doesn't meet its timing requirements.



+---------------------------------------------------------------------------------------------------+
; Multicorner Timing Analysis Summary                                                               ;
+------------------------------------+----------+--------+----------+---------+---------------------+
; Clock                              ; Setup    ; Hold   ; Recovery ; Removal ; Minimum Pulse Width ;
+------------------------------------+----------+--------+----------+---------+---------------------+
; Worst-case Slack                   ; -7.605   ; -0.002 ; -2.919   ; 0.176   ; -2.636              ;
;  CLOCK_50                          ; -2.203   ; 0.496  ; N/A      ; N/A     ; -0.765              ;
;  MOUSE:u_mouse|MOUSE_CLK_FILTER    ; -3.080   ; 0.230  ; -2.814   ; 0.375   ; -0.538              ;
;  VGA_SYNC:u_vga_sync|vert_sync_out ; -2.952   ; 0.388  ; N/A      ; N/A     ; -0.538              ;
;  clk25                             ; -7.605   ; -0.002 ; -2.919   ; 0.176   ; -2.636              ;
;  reset_n                           ; -6.694   ; 0.231  ; N/A      ; N/A     ; -0.446              ;
; Design-wide TNS                    ; -1114.08 ; -0.002 ; -393.976 ; 0.0     ; -306.129            ;
;  CLOCK_50                          ; -2.203   ; 0.000  ; N/A      ; N/A     ; -1.402              ;
;  MOUSE:u_mouse|MOUSE_CLK_FILTER    ; -97.955  ; 0.000  ; -51.897  ; 0.000   ; -27.974             ;
;  VGA_SYNC:u_vga_sync|vert_sync_out ; -47.436  ; 0.000  ; N/A      ; N/A     ; -14.498             ;
;  clk25                             ; -910.702 ; -0.002 ; -343.573 ; 0.000   ; -262.489            ;
;  reset_n                           ; -61.194  ; 0.000  ; N/A      ; N/A     ; -8.247              ;
+------------------------------------+----------+--------+----------+---------+---------------------+


+-------------------------------------------------------------------------------------------------------------------------------------------------------------------------------------------------------------------------------------------------------------------------------------------------------------------------------------------------------------------------------------------------------------+
; Board Trace Model Assignments                                                                                                                                                                                                                                                                                                                                                                               ;
+----------+--------------+-------------------+-------------------------+-------------------------+---------------+---------------------+----------------+------------------+--------+------------------+------------------------+------------------------+--------------+---------------+-----------------+-------+---------------------+--------------------+---------------+-----------------+-------------+
; Pin      ; I/O Standard ; Near Tline Length ; Near Tline L per Length ; Near Tline C per Length ; Near Series R ; Near Differential R ; Near Pull-up R ; Near Pull-down R ; Near C ; Far Tline Length ; Far Tline L per Length ; Far Tline C per Length ; Far Series R ; Far Pull-up R ; Far Pull-down R ; Far C ; Termination Voltage ; Far Differential R ; EBD File Name ; EBD Signal Name ; EBD Far-end ;
+----------+--------------+-------------------+-------------------------+-------------------------+---------------+---------------------+----------------+------------------+--------+------------------+------------------------+------------------------+--------------+---------------+-----------------+-------+---------------------+--------------------+---------------+-----------------+-------------+
; VGA_R[0] ; 3.3-V LVTTL  ; 0 in              ; 0 H/in                  ; 0 F/in                  ; short         ; -                   ; open           ; open             ; open   ; 0 in             ; 0 H/in                 ; 0 F/in                 ; short        ; open          ; open            ; open  ; 0 V                 ; -                  ; n/a           ; n/a             ; n/a         ;
; VGA_R[1] ; 3.3-V LVTTL  ; 0 in              ; 0 H/in                  ; 0 F/in                  ; short         ; -                   ; open           ; open             ; open   ; 0 in             ; 0 H/in                 ; 0 F/in                 ; short        ; open          ; open            ; open  ; 0 V                 ; -                  ; n/a           ; n/a             ; n/a         ;
; VGA_R[2] ; 3.3-V LVTTL  ; 0 in              ; 0 H/in                  ; 0 F/in                  ; short         ; -                   ; open           ; open             ; open   ; 0 in             ; 0 H/in                 ; 0 F/in                 ; short        ; open          ; open            ; open  ; 0 V                 ; -                  ; n/a           ; n/a             ; n/a         ;
; VGA_R[3] ; 3.3-V LVTTL  ; 0 in              ; 0 H/in                  ; 0 F/in                  ; short         ; -                   ; open           ; open             ; open   ; 0 in             ; 0 H/in                 ; 0 F/in                 ; short        ; open          ; open            ; open  ; 0 V                 ; -                  ; n/a           ; n/a             ; n/a         ;
; VGA_G[0] ; 3.3-V LVTTL  ; 0 in              ; 0 H/in                  ; 0 F/in                  ; short         ; -                   ; open           ; open             ; open   ; 0 in             ; 0 H/in                 ; 0 F/in                 ; short        ; open          ; open            ; open  ; 0 V                 ; -                  ; n/a           ; n/a             ; n/a         ;
; VGA_G[1] ; 3.3-V LVTTL  ; 0 in              ; 0 H/in                  ; 0 F/in                  ; short         ; -                   ; open           ; open             ; open   ; 0 in             ; 0 H/in                 ; 0 F/in                 ; short        ; open          ; open            ; open  ; 0 V                 ; -                  ; n/a           ; n/a             ; n/a         ;
; VGA_G[2] ; 3.3-V LVTTL  ; 0 in              ; 0 H/in                  ; 0 F/in                  ; short         ; -                   ; open           ; open             ; open   ; 0 in             ; 0 H/in                 ; 0 F/in                 ; short        ; open          ; open            ; open  ; 0 V                 ; -                  ; n/a           ; n/a             ; n/a         ;
; VGA_G[3] ; 3.3-V LVTTL  ; 0 in              ; 0 H/in                  ; 0 F/in                  ; short         ; -                   ; open           ; open             ; open   ; 0 in             ; 0 H/in                 ; 0 F/in                 ; short        ; open          ; open            ; open  ; 0 V                 ; -                  ; n/a           ; n/a             ; n/a         ;
; VGA_B[0] ; 3.3-V LVTTL  ; 0 in              ; 0 H/in                  ; 0 F/in                  ; short         ; -                   ; open           ; open             ; open   ; 0 in             ; 0 H/in                 ; 0 F/in                 ; short        ; open          ; open            ; open  ; 0 V                 ; -                  ; n/a           ; n/a             ; n/a         ;
; VGA_B[1] ; 3.3-V LVTTL  ; 0 in              ; 0 H/in                  ; 0 F/in                  ; short         ; -                   ; open           ; open             ; open   ; 0 in             ; 0 H/in                 ; 0 F/in                 ; short        ; open          ; open            ; open  ; 0 V                 ; -                  ; n/a           ; n/a             ; n/a         ;
; VGA_B[2] ; 3.3-V LVTTL  ; 0 in              ; 0 H/in                  ; 0 F/in                  ; short         ; -                   ; open           ; open             ; open   ; 0 in             ; 0 H/in                 ; 0 F/in                 ; short        ; open          ; open            ; open  ; 0 V                 ; -                  ; n/a           ; n/a             ; n/a         ;
; VGA_B[3] ; 3.3-V LVTTL  ; 0 in              ; 0 H/in                  ; 0 F/in                  ; short         ; -                   ; open           ; open             ; open   ; 0 in             ; 0 H/in                 ; 0 F/in                 ; short        ; open          ; open            ; open  ; 0 V                 ; -                  ; n/a           ; n/a             ; n/a         ;
; VGA_HS   ; 3.3-V LVTTL  ; 0 in              ; 0 H/in                  ; 0 F/in                  ; short         ; -                   ; open           ; open             ; open   ; 0 in             ; 0 H/in                 ; 0 F/in                 ; short        ; open          ; open            ; open  ; 0 V                 ; -                  ; n/a           ; n/a             ; n/a         ;
; VGA_VS   ; 3.3-V LVTTL  ; 0 in              ; 0 H/in                  ; 0 F/in                  ; short         ; -                   ; open           ; open             ; open   ; 0 in             ; 0 H/in                 ; 0 F/in                 ; short        ; open          ; open            ; open  ; 0 V                 ; -                  ; n/a           ; n/a             ; n/a         ;
; LEDR0    ; 3.3-V LVTTL  ; 0 in              ; 0 H/in                  ; 0 F/in                  ; short         ; -                   ; open           ; open             ; open   ; 0 in             ; 0 H/in                 ; 0 F/in                 ; short        ; open          ; open            ; open  ; 0 V                 ; -                  ; n/a           ; n/a             ; n/a         ;
; HEX0[0]  ; 3.3-V LVTTL  ; 0 in              ; 0 H/in                  ; 0 F/in                  ; short         ; -                   ; open           ; open             ; open   ; 0 in             ; 0 H/in                 ; 0 F/in                 ; short        ; open          ; open            ; open  ; 0 V                 ; -                  ; n/a           ; n/a             ; n/a         ;
; HEX0[1]  ; 3.3-V LVTTL  ; 0 in              ; 0 H/in                  ; 0 F/in                  ; short         ; -                   ; open           ; open             ; open   ; 0 in             ; 0 H/in                 ; 0 F/in                 ; short        ; open          ; open            ; open  ; 0 V                 ; -                  ; n/a           ; n/a             ; n/a         ;
; HEX0[2]  ; 3.3-V LVTTL  ; 0 in              ; 0 H/in                  ; 0 F/in                  ; short         ; -                   ; open           ; open             ; open   ; 0 in             ; 0 H/in                 ; 0 F/in                 ; short        ; open          ; open            ; open  ; 0 V                 ; -                  ; n/a           ; n/a             ; n/a         ;
; HEX0[3]  ; 3.3-V LVTTL  ; 0 in              ; 0 H/in                  ; 0 F/in                  ; short         ; -                   ; open           ; open             ; open   ; 0 in             ; 0 H/in                 ; 0 F/in                 ; short        ; open          ; open            ; open  ; 0 V                 ; -                  ; n/a           ; n/a             ; n/a         ;
; HEX0[4]  ; 3.3-V LVTTL  ; 0 in              ; 0 H/in                  ; 0 F/in                  ; short         ; -                   ; open           ; open             ; open   ; 0 in             ; 0 H/in                 ; 0 F/in                 ; short        ; open          ; open            ; open  ; 0 V                 ; -                  ; n/a           ; n/a             ; n/a         ;
; HEX0[5]  ; 3.3-V LVTTL  ; 0 in              ; 0 H/in                  ; 0 F/in                  ; short         ; -                   ; open           ; open             ; open   ; 0 in             ; 0 H/in                 ; 0 F/in                 ; short        ; open          ; open            ; open  ; 0 V                 ; -                  ; n/a           ; n/a             ; n/a         ;
; HEX0[6]  ; 3.3-V LVTTL  ; 0 in              ; 0 H/in                  ; 0 F/in                  ; short         ; -                   ; open           ; open             ; open   ; 0 in             ; 0 H/in                 ; 0 F/in                 ; short        ; open          ; open            ; open  ; 0 V                 ; -                  ; n/a           ; n/a             ; n/a         ;
; HEX1[0]  ; 3.3-V LVTTL  ; 0 in              ; 0 H/in                  ; 0 F/in                  ; short         ; -                   ; open           ; open             ; open   ; 0 in             ; 0 H/in                 ; 0 F/in                 ; short        ; open          ; open            ; open  ; 0 V                 ; -                  ; n/a           ; n/a             ; n/a         ;
; HEX1[1]  ; 3.3-V LVTTL  ; 0 in              ; 0 H/in                  ; 0 F/in                  ; short         ; -                   ; open           ; open             ; open   ; 0 in             ; 0 H/in                 ; 0 F/in                 ; short        ; open          ; open            ; open  ; 0 V                 ; -                  ; n/a           ; n/a             ; n/a         ;
; HEX1[2]  ; 3.3-V LVTTL  ; 0 in              ; 0 H/in                  ; 0 F/in                  ; short         ; -                   ; open           ; open             ; open   ; 0 in             ; 0 H/in                 ; 0 F/in                 ; short        ; open          ; open            ; open  ; 0 V                 ; -                  ; n/a           ; n/a             ; n/a         ;
; HEX1[3]  ; 3.3-V LVTTL  ; 0 in              ; 0 H/in                  ; 0 F/in                  ; short         ; -                   ; open           ; open             ; open   ; 0 in             ; 0 H/in                 ; 0 F/in                 ; short        ; open          ; open            ; open  ; 0 V                 ; -                  ; n/a           ; n/a             ; n/a         ;
; HEX1[4]  ; 3.3-V LVTTL  ; 0 in              ; 0 H/in                  ; 0 F/in                  ; short         ; -                   ; open           ; open             ; open   ; 0 in             ; 0 H/in                 ; 0 F/in                 ; short        ; open          ; open            ; open  ; 0 V                 ; -                  ; n/a           ; n/a             ; n/a         ;
; HEX1[5]  ; 3.3-V LVTTL  ; 0 in              ; 0 H/in                  ; 0 F/in                  ; short         ; -                   ; open           ; open             ; open   ; 0 in             ; 0 H/in                 ; 0 F/in                 ; short        ; open          ; open            ; open  ; 0 V                 ; -                  ; n/a           ; n/a             ; n/a         ;
; HEX1[6]  ; 3.3-V LVTTL  ; 0 in              ; 0 H/in                  ; 0 F/in                  ; short         ; -                   ; open           ; open             ; open   ; 0 in             ; 0 H/in                 ; 0 F/in                 ; short        ; open          ; open            ; open  ; 0 V                 ; -                  ; n/a           ; n/a             ; n/a         ;
; HEX2[0]  ; 3.3-V LVTTL  ; 0 in              ; 0 H/in                  ; 0 F/in                  ; short         ; -                   ; open           ; open             ; open   ; 0 in             ; 0 H/in                 ; 0 F/in                 ; short        ; open          ; open            ; open  ; 0 V                 ; -                  ; n/a           ; n/a             ; n/a         ;
; HEX2[1]  ; 3.3-V LVTTL  ; 0 in              ; 0 H/in                  ; 0 F/in                  ; short         ; -                   ; open           ; open             ; open   ; 0 in             ; 0 H/in                 ; 0 F/in                 ; short        ; open          ; open            ; open  ; 0 V                 ; -                  ; n/a           ; n/a             ; n/a         ;
; HEX2[2]  ; 3.3-V LVTTL  ; 0 in              ; 0 H/in                  ; 0 F/in                  ; short         ; -                   ; open           ; open             ; open   ; 0 in             ; 0 H/in                 ; 0 F/in                 ; short        ; open          ; open            ; open  ; 0 V                 ; -                  ; n/a           ; n/a             ; n/a         ;
; HEX2[3]  ; 3.3-V LVTTL  ; 0 in              ; 0 H/in                  ; 0 F/in                  ; short         ; -                   ; open           ; open             ; open   ; 0 in             ; 0 H/in                 ; 0 F/in                 ; short        ; open          ; open            ; open  ; 0 V                 ; -                  ; n/a           ; n/a             ; n/a         ;
; HEX2[4]  ; 3.3-V LVTTL  ; 0 in              ; 0 H/in                  ; 0 F/in                  ; short         ; -                   ; open           ; open             ; open   ; 0 in             ; 0 H/in                 ; 0 F/in                 ; short        ; open          ; open            ; open  ; 0 V                 ; -                  ; n/a           ; n/a             ; n/a         ;
; HEX2[5]  ; 3.3-V LVTTL  ; 0 in              ; 0 H/in                  ; 0 F/in                  ; short         ; -                   ; open           ; open             ; open   ; 0 in             ; 0 H/in                 ; 0 F/in                 ; short        ; open          ; open            ; open  ; 0 V                 ; -                  ; n/a           ; n/a             ; n/a         ;
; HEX2[6]  ; 3.3-V LVTTL  ; 0 in              ; 0 H/in                  ; 0 F/in                  ; short         ; -                   ; open           ; open             ; open   ; 0 in             ; 0 H/in                 ; 0 F/in                 ; short        ; open          ; open            ; open  ; 0 V                 ; -                  ; n/a           ; n/a             ; n/a         ;
; HEX3[0]  ; 3.3-V LVTTL  ; 0 in              ; 0 H/in                  ; 0 F/in                  ; short         ; -                   ; open           ; open             ; open   ; 0 in             ; 0 H/in                 ; 0 F/in                 ; short        ; open          ; open            ; open  ; 0 V                 ; -                  ; n/a           ; n/a             ; n/a         ;
; HEX3[1]  ; 3.3-V LVTTL  ; 0 in              ; 0 H/in                  ; 0 F/in                  ; short         ; -                   ; open           ; open             ; open   ; 0 in             ; 0 H/in                 ; 0 F/in                 ; short        ; open          ; open            ; open  ; 0 V                 ; -                  ; n/a           ; n/a             ; n/a         ;
; HEX3[2]  ; 3.3-V LVTTL  ; 0 in              ; 0 H/in                  ; 0 F/in                  ; short         ; -                   ; open           ; open             ; open   ; 0 in             ; 0 H/in                 ; 0 F/in                 ; short        ; open          ; open            ; open  ; 0 V                 ; -                  ; n/a           ; n/a             ; n/a         ;
; HEX3[3]  ; 3.3-V LVTTL  ; 0 in              ; 0 H/in                  ; 0 F/in                  ; short         ; -                   ; open           ; open             ; open   ; 0 in             ; 0 H/in                 ; 0 F/in                 ; short        ; open          ; open            ; open  ; 0 V                 ; -                  ; n/a           ; n/a             ; n/a         ;
; HEX3[4]  ; 3.3-V LVTTL  ; 0 in              ; 0 H/in                  ; 0 F/in                  ; short         ; -                   ; open           ; open             ; open   ; 0 in             ; 0 H/in                 ; 0 F/in                 ; short        ; open          ; open            ; open  ; 0 V                 ; -                  ; n/a           ; n/a             ; n/a         ;
; HEX3[5]  ; 3.3-V LVTTL  ; 0 in              ; 0 H/in                  ; 0 F/in                  ; short         ; -                   ; open           ; open             ; open   ; 0 in             ; 0 H/in                 ; 0 F/in                 ; short        ; open          ; open            ; open  ; 0 V                 ; -                  ; n/a           ; n/a             ; n/a         ;
; HEX3[6]  ; 3.3-V LVTTL  ; 0 in              ; 0 H/in                  ; 0 F/in                  ; short         ; -                   ; open           ; open             ; open   ; 0 in             ; 0 H/in                 ; 0 F/in                 ; short        ; open          ; open            ; open  ; 0 V                 ; -                  ; n/a           ; n/a             ; n/a         ;
; HEX4[0]  ; 3.3-V LVTTL  ; 0 in              ; 0 H/in                  ; 0 F/in                  ; short         ; -                   ; open           ; open             ; open   ; 0 in             ; 0 H/in                 ; 0 F/in                 ; short        ; open          ; open            ; open  ; 0 V                 ; -                  ; n/a           ; n/a             ; n/a         ;
; HEX4[1]  ; 3.3-V LVTTL  ; 0 in              ; 0 H/in                  ; 0 F/in                  ; short         ; -                   ; open           ; open             ; open   ; 0 in             ; 0 H/in                 ; 0 F/in                 ; short        ; open          ; open            ; open  ; 0 V                 ; -                  ; n/a           ; n/a             ; n/a         ;
; HEX4[2]  ; 3.3-V LVTTL  ; 0 in              ; 0 H/in                  ; 0 F/in                  ; short         ; -                   ; open           ; open             ; open   ; 0 in             ; 0 H/in                 ; 0 F/in                 ; short        ; open          ; open            ; open  ; 0 V                 ; -                  ; n/a           ; n/a             ; n/a         ;
; HEX4[3]  ; 3.3-V LVTTL  ; 0 in              ; 0 H/in                  ; 0 F/in                  ; short         ; -                   ; open           ; open             ; open   ; 0 in             ; 0 H/in                 ; 0 F/in                 ; short        ; open          ; open            ; open  ; 0 V                 ; -                  ; n/a           ; n/a             ; n/a         ;
; HEX4[4]  ; 3.3-V LVTTL  ; 0 in              ; 0 H/in                  ; 0 F/in                  ; short         ; -                   ; open           ; open             ; open   ; 0 in             ; 0 H/in                 ; 0 F/in                 ; short        ; open          ; open            ; open  ; 0 V                 ; -                  ; n/a           ; n/a             ; n/a         ;
; HEX4[5]  ; 3.3-V LVTTL  ; 0 in              ; 0 H/in                  ; 0 F/in                  ; short         ; -                   ; open           ; open             ; open   ; 0 in             ; 0 H/in                 ; 0 F/in                 ; short        ; open          ; open            ; open  ; 0 V                 ; -                  ; n/a           ; n/a             ; n/a         ;
; HEX4[6]  ; 3.3-V LVTTL  ; 0 in              ; 0 H/in                  ; 0 F/in                  ; short         ; -                   ; open           ; open             ; open   ; 0 in             ; 0 H/in                 ; 0 F/in                 ; short        ; open          ; open            ; open  ; 0 V                 ; -                  ; n/a           ; n/a             ; n/a         ;
; HEX5[0]  ; 3.3-V LVTTL  ; 0 in              ; 0 H/in                  ; 0 F/in                  ; short         ; -                   ; open           ; open             ; open   ; 0 in             ; 0 H/in                 ; 0 F/in                 ; short        ; open          ; open            ; open  ; 0 V                 ; -                  ; n/a           ; n/a             ; n/a         ;
; HEX5[1]  ; 3.3-V LVTTL  ; 0 in              ; 0 H/in                  ; 0 F/in                  ; short         ; -                   ; open           ; open             ; open   ; 0 in             ; 0 H/in                 ; 0 F/in                 ; short        ; open          ; open            ; open  ; 0 V                 ; -                  ; n/a           ; n/a             ; n/a         ;
; HEX5[2]  ; 3.3-V LVTTL  ; 0 in              ; 0 H/in                  ; 0 F/in                  ; short         ; -                   ; open           ; open             ; open   ; 0 in             ; 0 H/in                 ; 0 F/in                 ; short        ; open          ; open            ; open  ; 0 V                 ; -                  ; n/a           ; n/a             ; n/a         ;
; HEX5[3]  ; 3.3-V LVTTL  ; 0 in              ; 0 H/in                  ; 0 F/in                  ; short         ; -                   ; open           ; open             ; open   ; 0 in             ; 0 H/in                 ; 0 F/in                 ; short        ; open          ; open            ; open  ; 0 V                 ; -                  ; n/a           ; n/a             ; n/a         ;
; HEX5[4]  ; 3.3-V LVTTL  ; 0 in              ; 0 H/in                  ; 0 F/in                  ; short         ; -                   ; open           ; open             ; open   ; 0 in             ; 0 H/in                 ; 0 F/in                 ; short        ; open          ; open            ; open  ; 0 V                 ; -                  ; n/a           ; n/a             ; n/a         ;
; HEX5[5]  ; 3.3-V LVTTL  ; 0 in              ; 0 H/in                  ; 0 F/in                  ; short         ; -                   ; open           ; open             ; open   ; 0 in             ; 0 H/in                 ; 0 F/in                 ; short        ; open          ; open            ; open  ; 0 V                 ; -                  ; n/a           ; n/a             ; n/a         ;
; HEX5[6]  ; 3.3-V LVTTL  ; 0 in              ; 0 H/in                  ; 0 F/in                  ; short         ; -                   ; open           ; open             ; open   ; 0 in             ; 0 H/in                 ; 0 F/in                 ; short        ; open          ; open            ; open  ; 0 V                 ; -                  ; n/a           ; n/a             ; n/a         ;
; PS2_CLK  ; 3.3-V LVTTL  ; 0 in              ; 0 H/in                  ; 0 F/in                  ; short         ; -                   ; open           ; open             ; open   ; 0 in             ; 0 H/in                 ; 0 F/in                 ; short        ; open          ; open            ; open  ; 0 V                 ; -                  ; n/a           ; n/a             ; n/a         ;
; PS2_DAT  ; 3.3-V LVTTL  ; 0 in              ; 0 H/in                  ; 0 F/in                  ; short         ; -                   ; open           ; open             ; open   ; 0 in             ; 0 H/in                 ; 0 F/in                 ; short        ; open          ; open            ; open  ; 0 V                 ; -                  ; n/a           ; n/a             ; n/a         ;
+----------+--------------+-------------------+-------------------------+-------------------------+---------------+---------------------+----------------+------------------+--------+------------------+------------------------+------------------------+--------------+---------------+-----------------+-------+---------------------+--------------------+---------------+-----------------+-------------+


+-------------------------------------------------------------+
; Input Transition Times                                      ;
+----------+--------------+-----------------+-----------------+
; Pin      ; I/O Standard ; 10-90 Rise Time ; 90-10 Fall Time ;
+----------+--------------+-----------------+-----------------+
; PB2      ; 3.3-V LVTTL  ; 2640 ps         ; 2640 ps         ;
; PS2_CLK  ; 3.3-V LVTTL  ; 2640 ps         ; 2640 ps         ;
; PS2_DAT  ; 3.3-V LVTTL  ; 2640 ps         ; 2640 ps         ;
; reset_n  ; 3.3-V LVTTL  ; 2640 ps         ; 2640 ps         ;
; CLOCK_50 ; 3.3-V LVTTL  ; 2640 ps         ; 2640 ps         ;
; SW0      ; 3.3-V LVTTL  ; 2640 ps         ; 2640 ps         ;
; PB1      ; 3.3-V LVTTL  ; 2640 ps         ; 2640 ps         ;
+----------+--------------+-----------------+-----------------+


+---------------------------------------------------------------------------------------------------------------------------------------------------------------------------------------------------------------------------------------------------------------------------------------------------------------------------------------------------------------------------------------------------------------------------------------------------------------------------------------------------------------------------------------------------------------------------------------------------------------------------------------------------------------------------------------+
; Signal Integrity Metrics (Slow 1100mv 0c Model)                                                                                                                                                                                                                                                                                                                                                                                                                                                                                                                                                                                                                                       ;
+----------+--------------+---------------------+---------------------+------------------------------+------------------------------+---------------------+---------------------+--------------------------------------+--------------------------------------+-----------------------------+-----------------------------+----------------------------+----------------------------+-----------------------------+-----------------------------+--------------------+--------------------+-------------------------------------+-------------------------------------+----------------------------+----------------------------+---------------------------+---------------------------+
; Pin      ; I/O Standard ; Board Delay on Rise ; Board Delay on Fall ; Steady State Voh at FPGA Pin ; Steady State Vol at FPGA Pin ; Voh Max at FPGA Pin ; Vol Min at FPGA Pin ; Ringback Voltage on Rise at FPGA Pin ; Ringback Voltage on Fall at FPGA Pin ; 10-90 Rise Time at FPGA Pin ; 90-10 Fall Time at FPGA Pin ; Monotonic Rise at FPGA Pin ; Monotonic Fall at FPGA Pin ; Steady State Voh at Far-end ; Steady State Vol at Far-end ; Voh Max at Far-end ; Vol Min at Far-end ; Ringback Voltage on Rise at Far-end ; Ringback Voltage on Fall at Far-end ; 10-90 Rise Time at Far-end ; 90-10 Fall Time at Far-end ; Monotonic Rise at Far-end ; Monotonic Fall at Far-end ;
+----------+--------------+---------------------+---------------------+------------------------------+------------------------------+---------------------+---------------------+--------------------------------------+--------------------------------------+-----------------------------+-----------------------------+----------------------------+----------------------------+-----------------------------+-----------------------------+--------------------+--------------------+-------------------------------------+-------------------------------------+----------------------------+----------------------------+---------------------------+---------------------------+
; VGA_R[0] ; 3.3-V LVTTL  ; 0 s                 ; 0 s                 ; 3.08 V                       ; 2.01e-07 V                   ; 3.13 V              ; -0.229 V            ; 0.132 V                              ; 0.377 V                              ; 4.37e-10 s                  ; 1.58e-10 s                  ; Yes                        ; No                         ; 3.08 V                      ; 2.01e-07 V                  ; 3.13 V             ; -0.229 V           ; 0.132 V                             ; 0.377 V                             ; 4.37e-10 s                 ; 1.58e-10 s                 ; Yes                       ; No                        ;
; VGA_R[1] ; 3.3-V LVTTL  ; 0 s                 ; 0 s                 ; 3.08 V                       ; 2.1e-07 V                    ; 3.12 V              ; -0.169 V            ; 0.165 V                              ; 0.384 V                              ; 4.57e-10 s                  ; 1.75e-10 s                  ; Yes                        ; No                         ; 3.08 V                      ; 2.1e-07 V                   ; 3.12 V             ; -0.169 V           ; 0.165 V                             ; 0.384 V                             ; 4.57e-10 s                 ; 1.75e-10 s                 ; Yes                       ; No                        ;
; VGA_R[2] ; 3.3-V LVTTL  ; 0 s                 ; 0 s                 ; 3.08 V                       ; 1.58e-07 V                   ; 3.09 V              ; -0.13 V             ; 0.032 V                              ; 0.298 V                              ; 4.39e-10 s                  ; 1.69e-10 s                  ; Yes                        ; Yes                        ; 3.08 V                      ; 1.58e-07 V                  ; 3.09 V             ; -0.13 V            ; 0.032 V                             ; 0.298 V                             ; 4.39e-10 s                 ; 1.69e-10 s                 ; Yes                       ; Yes                       ;
; VGA_R[3] ; 3.3-V LVTTL  ; 0 s                 ; 0 s                 ; 3.08 V                       ; 2.01e-07 V                   ; 3.13 V              ; -0.229 V            ; 0.131 V                              ; 0.38 V                               ; 4.37e-10 s                  ; 1.58e-10 s                  ; Yes                        ; No                         ; 3.08 V                      ; 2.01e-07 V                  ; 3.13 V             ; -0.229 V           ; 0.131 V                             ; 0.38 V                              ; 4.37e-10 s                 ; 1.58e-10 s                 ; Yes                       ; No                        ;
; VGA_G[0] ; 3.3-V LVTTL  ; 0 s                 ; 0 s                 ; 3.08 V                       ; 2.01e-07 V                   ; 3.13 V              ; -0.229 V            ; 0.131 V                              ; 0.38 V                               ; 4.37e-10 s                  ; 1.58e-10 s                  ; Yes                        ; No                         ; 3.08 V                      ; 2.01e-07 V                  ; 3.13 V             ; -0.229 V           ; 0.131 V                             ; 0.38 V                              ; 4.37e-10 s                 ; 1.58e-10 s                 ; Yes                       ; No                        ;
; VGA_G[1] ; 3.3-V LVTTL  ; 0 s                 ; 0 s                 ; 3.08 V                       ; 2.01e-07 V                   ; 3.13 V              ; -0.229 V            ; 0.132 V                              ; 0.377 V                              ; 4.37e-10 s                  ; 1.58e-10 s                  ; Yes                        ; No                         ; 3.08 V                      ; 2.01e-07 V                  ; 3.13 V             ; -0.229 V           ; 0.132 V                             ; 0.377 V                             ; 4.37e-10 s                 ; 1.58e-10 s                 ; Yes                       ; No                        ;
; VGA_G[2] ; 3.3-V LVTTL  ; 0 s                 ; 0 s                 ; 3.08 V                       ; 2.1e-07 V                    ; 3.12 V              ; -0.169 V            ; 0.165 V                              ; 0.384 V                              ; 4.57e-10 s                  ; 1.75e-10 s                  ; Yes                        ; No                         ; 3.08 V                      ; 2.1e-07 V                   ; 3.12 V             ; -0.169 V           ; 0.165 V                             ; 0.384 V                             ; 4.57e-10 s                 ; 1.75e-10 s                 ; Yes                       ; No                        ;
; VGA_G[3] ; 3.3-V LVTTL  ; 0 s                 ; 0 s                 ; 3.08 V                       ; 1.58e-07 V                   ; 3.09 V              ; -0.13 V             ; 0.032 V                              ; 0.298 V                              ; 4.39e-10 s                  ; 1.69e-10 s                  ; Yes                        ; Yes                        ; 3.08 V                      ; 1.58e-07 V                  ; 3.09 V             ; -0.13 V            ; 0.032 V                             ; 0.298 V                             ; 4.39e-10 s                 ; 1.69e-10 s                 ; Yes                       ; Yes                       ;
; VGA_B[0] ; 3.3-V LVTTL  ; 0 s                 ; 0 s                 ; 3.08 V                       ; 2.01e-07 V                   ; 3.13 V              ; -0.229 V            ; 0.131 V                              ; 0.38 V                               ; 4.37e-10 s                  ; 1.58e-10 s                  ; Yes                        ; No                         ; 3.08 V                      ; 2.01e-07 V                  ; 3.13 V             ; -0.229 V           ; 0.131 V                             ; 0.38 V                              ; 4.37e-10 s                 ; 1.58e-10 s                 ; Yes                       ; No                        ;
; VGA_B[1] ; 3.3-V LVTTL  ; 0 s                 ; 0 s                 ; 3.08 V                       ; 2.01e-07 V                   ; 3.13 V              ; -0.229 V            ; 0.132 V                              ; 0.377 V                              ; 4.37e-10 s                  ; 1.58e-10 s                  ; Yes                        ; No                         ; 3.08 V                      ; 2.01e-07 V                  ; 3.13 V             ; -0.229 V           ; 0.132 V                             ; 0.377 V                             ; 4.37e-10 s                 ; 1.58e-10 s                 ; Yes                       ; No                        ;
; VGA_B[2] ; 3.3-V LVTTL  ; 0 s                 ; 0 s                 ; 3.08 V                       ; 2.1e-07 V                    ; 3.12 V              ; -0.169 V            ; 0.165 V                              ; 0.384 V                              ; 4.57e-10 s                  ; 1.75e-10 s                  ; Yes                        ; No                         ; 3.08 V                      ; 2.1e-07 V                   ; 3.12 V             ; -0.169 V           ; 0.165 V                             ; 0.384 V                             ; 4.57e-10 s                 ; 1.75e-10 s                 ; Yes                       ; No                        ;
; VGA_B[3] ; 3.3-V LVTTL  ; 0 s                 ; 0 s                 ; 3.08 V                       ; 1.58e-07 V                   ; 3.09 V              ; -0.13 V             ; 0.032 V                              ; 0.298 V                              ; 4.39e-10 s                  ; 1.69e-10 s                  ; Yes                        ; Yes                        ; 3.08 V                      ; 1.58e-07 V                  ; 3.09 V             ; -0.13 V            ; 0.032 V                             ; 0.298 V                             ; 4.39e-10 s                 ; 1.69e-10 s                 ; Yes                       ; Yes                       ;
; VGA_HS   ; 3.3-V LVTTL  ; 0 s                 ; 0 s                 ; 3.08 V                       ; 2.01e-07 V                   ; 3.13 V              ; -0.229 V            ; 0.131 V                              ; 0.38 V                               ; 4.37e-10 s                  ; 1.58e-10 s                  ; Yes                        ; No                         ; 3.08 V                      ; 2.01e-07 V                  ; 3.13 V             ; -0.229 V           ; 0.131 V                             ; 0.38 V                              ; 4.37e-10 s                 ; 1.58e-10 s                 ; Yes                       ; No                        ;
; VGA_VS   ; 3.3-V LVTTL  ; 0 s                 ; 0 s                 ; 3.08 V                       ; 2.01e-07 V                   ; 3.13 V              ; -0.229 V            ; 0.132 V                              ; 0.377 V                              ; 4.37e-10 s                  ; 1.58e-10 s                  ; Yes                        ; No                         ; 3.08 V                      ; 2.01e-07 V                  ; 3.13 V             ; -0.229 V           ; 0.132 V                             ; 0.377 V                             ; 4.37e-10 s                 ; 1.58e-10 s                 ; Yes                       ; No                        ;
; LEDR0    ; 3.3-V LVTTL  ; 0 s                 ; 0 s                 ; 3.08 V                       ; 2.01e-07 V                   ; 3.13 V              ; -0.229 V            ; 0.131 V                              ; 0.38 V                               ; 4.37e-10 s                  ; 1.58e-10 s                  ; Yes                        ; No                         ; 3.08 V                      ; 2.01e-07 V                  ; 3.13 V             ; -0.229 V           ; 0.131 V                             ; 0.38 V                              ; 4.37e-10 s                 ; 1.58e-10 s                 ; Yes                       ; No                        ;
; HEX0[0]  ; 3.3-V LVTTL  ; 0 s                 ; 0 s                 ; 3.08 V                       ; 2.01e-07 V                   ; 3.13 V              ; -0.229 V            ; 0.132 V                              ; 0.377 V                              ; 4.37e-10 s                  ; 1.58e-10 s                  ; Yes                        ; No                         ; 3.08 V                      ; 2.01e-07 V                  ; 3.13 V             ; -0.229 V           ; 0.132 V                             ; 0.377 V                             ; 4.37e-10 s                 ; 1.58e-10 s                 ; Yes                       ; No                        ;
; HEX0[1]  ; 3.3-V LVTTL  ; 0 s                 ; 0 s                 ; 3.08 V                       ; 2.01e-07 V                   ; 3.13 V              ; -0.229 V            ; 0.131 V                              ; 0.38 V                               ; 4.37e-10 s                  ; 1.58e-10 s                  ; Yes                        ; No                         ; 3.08 V                      ; 2.01e-07 V                  ; 3.13 V             ; -0.229 V           ; 0.131 V                             ; 0.38 V                              ; 4.37e-10 s                 ; 1.58e-10 s                 ; Yes                       ; No                        ;
; HEX0[2]  ; 3.3-V LVTTL  ; 0 s                 ; 0 s                 ; 3.08 V                       ; 2.01e-07 V                   ; 3.13 V              ; -0.229 V            ; 0.131 V                              ; 0.38 V                               ; 4.37e-10 s                  ; 1.58e-10 s                  ; Yes                        ; No                         ; 3.08 V                      ; 2.01e-07 V                  ; 3.13 V             ; -0.229 V           ; 0.131 V                             ; 0.38 V                              ; 4.37e-10 s                 ; 1.58e-10 s                 ; Yes                       ; No                        ;
; HEX0[3]  ; 3.3-V LVTTL  ; 0 s                 ; 0 s                 ; 3.08 V                       ; 2.01e-07 V                   ; 3.13 V              ; -0.229 V            ; 0.131 V                              ; 0.38 V                               ; 4.37e-10 s                  ; 1.58e-10 s                  ; Yes                        ; No                         ; 3.08 V                      ; 2.01e-07 V                  ; 3.13 V             ; -0.229 V           ; 0.131 V                             ; 0.38 V                              ; 4.37e-10 s                 ; 1.58e-10 s                 ; Yes                       ; No                        ;
; HEX0[4]  ; 3.3-V LVTTL  ; 0 s                 ; 0 s                 ; 3.08 V                       ; 2.01e-07 V                   ; 3.13 V              ; -0.229 V            ; 0.132 V                              ; 0.377 V                              ; 4.37e-10 s                  ; 1.58e-10 s                  ; Yes                        ; No                         ; 3.08 V                      ; 2.01e-07 V                  ; 3.13 V             ; -0.229 V           ; 0.132 V                             ; 0.377 V                             ; 4.37e-10 s                 ; 1.58e-10 s                 ; Yes                       ; No                        ;
; HEX0[5]  ; 3.3-V LVTTL  ; 0 s                 ; 0 s                 ; 3.08 V                       ; 2.01e-07 V                   ; 3.13 V              ; -0.229 V            ; 0.132 V                              ; 0.377 V                              ; 4.37e-10 s                  ; 1.58e-10 s                  ; Yes                        ; No                         ; 3.08 V                      ; 2.01e-07 V                  ; 3.13 V             ; -0.229 V           ; 0.132 V                             ; 0.377 V                             ; 4.37e-10 s                 ; 1.58e-10 s                 ; Yes                       ; No                        ;
; HEX0[6]  ; 3.3-V LVTTL  ; 0 s                 ; 0 s                 ; 3.08 V                       ; 2.01e-07 V                   ; 3.13 V              ; -0.229 V            ; 0.131 V                              ; 0.38 V                               ; 4.37e-10 s                  ; 1.58e-10 s                  ; Yes                        ; No                         ; 3.08 V                      ; 2.01e-07 V                  ; 3.13 V             ; -0.229 V           ; 0.131 V                             ; 0.38 V                              ; 4.37e-10 s                 ; 1.58e-10 s                 ; Yes                       ; No                        ;
; HEX1[0]  ; 3.3-V LVTTL  ; 0 s                 ; 0 s                 ; 3.08 V                       ; 2.01e-07 V                   ; 3.13 V              ; -0.229 V            ; 0.131 V                              ; 0.38 V                               ; 4.37e-10 s                  ; 1.58e-10 s                  ; Yes                        ; No                         ; 3.08 V                      ; 2.01e-07 V                  ; 3.13 V             ; -0.229 V           ; 0.131 V                             ; 0.38 V                              ; 4.37e-10 s                 ; 1.58e-10 s                 ; Yes                       ; No                        ;
; HEX1[1]  ; 3.3-V LVTTL  ; 0 s                 ; 0 s                 ; 3.08 V                       ; 2.01e-07 V                   ; 3.13 V              ; -0.229 V            ; 0.132 V                              ; 0.377 V                              ; 4.37e-10 s                  ; 1.58e-10 s                  ; Yes                        ; No                         ; 3.08 V                      ; 2.01e-07 V                  ; 3.13 V             ; -0.229 V           ; 0.132 V                             ; 0.377 V                             ; 4.37e-10 s                 ; 1.58e-10 s                 ; Yes                       ; No                        ;
; HEX1[2]  ; 3.3-V LVTTL  ; 0 s                 ; 0 s                 ; 3.08 V                       ; 2.01e-07 V                   ; 3.13 V              ; -0.229 V            ; 0.132 V                              ; 0.377 V                              ; 4.37e-10 s                  ; 1.58e-10 s                  ; Yes                        ; No                         ; 3.08 V                      ; 2.01e-07 V                  ; 3.13 V             ; -0.229 V           ; 0.132 V                             ; 0.377 V                             ; 4.37e-10 s                 ; 1.58e-10 s                 ; Yes                       ; No                        ;
; HEX1[3]  ; 3.3-V LVTTL  ; 0 s                 ; 0 s                 ; 3.08 V                       ; 2.01e-07 V                   ; 3.13 V              ; -0.229 V            ; 0.131 V                              ; 0.38 V                               ; 4.37e-10 s                  ; 1.58e-10 s                  ; Yes                        ; No                         ; 3.08 V                      ; 2.01e-07 V                  ; 3.13 V             ; -0.229 V           ; 0.131 V                             ; 0.38 V                              ; 4.37e-10 s                 ; 1.58e-10 s                 ; Yes                       ; No                        ;
; HEX1[4]  ; 3.3-V LVTTL  ; 0 s                 ; 0 s                 ; 3.08 V                       ; 2.01e-07 V                   ; 3.13 V              ; -0.229 V            ; 0.131 V                              ; 0.38 V                               ; 4.37e-10 s                  ; 1.58e-10 s                  ; Yes                        ; No                         ; 3.08 V                      ; 2.01e-07 V                  ; 3.13 V             ; -0.229 V           ; 0.131 V                             ; 0.38 V                              ; 4.37e-10 s                 ; 1.58e-10 s                 ; Yes                       ; No                        ;
; HEX1[5]  ; 3.3-V LVTTL  ; 0 s                 ; 0 s                 ; 3.08 V                       ; 2.01e-07 V                   ; 3.13 V              ; -0.229 V            ; 0.132 V                              ; 0.377 V                              ; 4.37e-10 s                  ; 1.58e-10 s                  ; Yes                        ; No                         ; 3.08 V                      ; 2.01e-07 V                  ; 3.13 V             ; -0.229 V           ; 0.132 V                             ; 0.377 V                             ; 4.37e-10 s                 ; 1.58e-10 s                 ; Yes                       ; No                        ;
; HEX1[6]  ; 3.3-V LVTTL  ; 0 s                 ; 0 s                 ; 3.08 V                       ; 2.01e-07 V                   ; 3.13 V              ; -0.229 V            ; 0.132 V                              ; 0.377 V                              ; 4.37e-10 s                  ; 1.58e-10 s                  ; Yes                        ; No                         ; 3.08 V                      ; 2.01e-07 V                  ; 3.13 V             ; -0.229 V           ; 0.132 V                             ; 0.377 V                             ; 4.37e-10 s                 ; 1.58e-10 s                 ; Yes                       ; No                        ;
; HEX2[0]  ; 3.3-V LVTTL  ; 0 s                 ; 0 s                 ; 3.08 V                       ; 2.1e-07 V                    ; 3.12 V              ; -0.169 V            ; 0.165 V                              ; 0.384 V                              ; 4.57e-10 s                  ; 1.75e-10 s                  ; Yes                        ; No                         ; 3.08 V                      ; 2.1e-07 V                   ; 3.12 V             ; -0.169 V           ; 0.165 V                             ; 0.384 V                             ; 4.57e-10 s                 ; 1.75e-10 s                 ; Yes                       ; No                        ;
; HEX2[1]  ; 3.3-V LVTTL  ; 0 s                 ; 0 s                 ; 3.08 V                       ; 2.01e-07 V                   ; 3.13 V              ; -0.229 V            ; 0.132 V                              ; 0.377 V                              ; 4.37e-10 s                  ; 1.58e-10 s                  ; Yes                        ; No                         ; 3.08 V                      ; 2.01e-07 V                  ; 3.13 V             ; -0.229 V           ; 0.132 V                             ; 0.377 V                             ; 4.37e-10 s                 ; 1.58e-10 s                 ; Yes                       ; No                        ;
; HEX2[2]  ; 3.3-V LVTTL  ; 0 s                 ; 0 s                 ; 3.08 V                       ; 2.01e-07 V                   ; 3.13 V              ; -0.229 V            ; 0.132 V                              ; 0.377 V                              ; 4.37e-10 s                  ; 1.58e-10 s                  ; Yes                        ; No                         ; 3.08 V                      ; 2.01e-07 V                  ; 3.13 V             ; -0.229 V           ; 0.132 V                             ; 0.377 V                             ; 4.37e-10 s                 ; 1.58e-10 s                 ; Yes                       ; No                        ;
; HEX2[3]  ; 3.3-V LVTTL  ; 0 s                 ; 0 s                 ; 3.08 V                       ; 1.58e-07 V                   ; 3.09 V              ; -0.13 V             ; 0.032 V                              ; 0.298 V                              ; 4.39e-10 s                  ; 1.69e-10 s                  ; Yes                        ; Yes                        ; 3.08 V                      ; 1.58e-07 V                  ; 3.09 V             ; -0.13 V            ; 0.032 V                             ; 0.298 V                             ; 4.39e-10 s                 ; 1.69e-10 s                 ; Yes                       ; Yes                       ;
; HEX2[4]  ; 3.3-V LVTTL  ; 0 s                 ; 0 s                 ; 3.08 V                       ; 1.58e-07 V                   ; 3.09 V              ; -0.13 V             ; 0.032 V                              ; 0.298 V                              ; 4.39e-10 s                  ; 1.69e-10 s                  ; Yes                        ; Yes                        ; 3.08 V                      ; 1.58e-07 V                  ; 3.09 V             ; -0.13 V            ; 0.032 V                             ; 0.298 V                             ; 4.39e-10 s                 ; 1.69e-10 s                 ; Yes                       ; Yes                       ;
; HEX2[5]  ; 3.3-V LVTTL  ; 0 s                 ; 0 s                 ; 3.08 V                       ; 2.01e-07 V                   ; 3.13 V              ; -0.229 V            ; 0.132 V                              ; 0.377 V                              ; 4.37e-10 s                  ; 1.58e-10 s                  ; Yes                        ; No                         ; 3.08 V                      ; 2.01e-07 V                  ; 3.13 V             ; -0.229 V           ; 0.132 V                             ; 0.377 V                             ; 4.37e-10 s                 ; 1.58e-10 s                 ; Yes                       ; No                        ;
; HEX2[6]  ; 3.3-V LVTTL  ; 0 s                 ; 0 s                 ; 3.08 V                       ; 2.01e-07 V                   ; 3.13 V              ; -0.229 V            ; 0.131 V                              ; 0.38 V                               ; 4.37e-10 s                  ; 1.58e-10 s                  ; Yes                        ; No                         ; 3.08 V                      ; 2.01e-07 V                  ; 3.13 V             ; -0.229 V           ; 0.131 V                             ; 0.38 V                              ; 4.37e-10 s                 ; 1.58e-10 s                 ; Yes                       ; No                        ;
; HEX3[0]  ; 3.3-V LVTTL  ; 0 s                 ; 0 s                 ; 3.08 V                       ; 1.58e-07 V                   ; 3.09 V              ; -0.13 V             ; 0.032 V                              ; 0.298 V                              ; 4.39e-10 s                  ; 1.69e-10 s                  ; Yes                        ; Yes                        ; 3.08 V                      ; 1.58e-07 V                  ; 3.09 V             ; -0.13 V            ; 0.032 V                             ; 0.298 V                             ; 4.39e-10 s                 ; 1.69e-10 s                 ; Yes                       ; Yes                       ;
; HEX3[1]  ; 3.3-V LVTTL  ; 0 s                 ; 0 s                 ; 3.08 V                       ; 2.1e-07 V                    ; 3.12 V              ; -0.169 V            ; 0.165 V                              ; 0.384 V                              ; 4.57e-10 s                  ; 1.75e-10 s                  ; Yes                        ; No                         ; 3.08 V                      ; 2.1e-07 V                   ; 3.12 V             ; -0.169 V           ; 0.165 V                             ; 0.384 V                             ; 4.57e-10 s                 ; 1.75e-10 s                 ; Yes                       ; No                        ;
; HEX3[2]  ; 3.3-V LVTTL  ; 0 s                 ; 0 s                 ; 3.08 V                       ; 2.1e-07 V                    ; 3.12 V              ; -0.169 V            ; 0.165 V                              ; 0.384 V                              ; 4.57e-10 s                  ; 1.75e-10 s                  ; Yes                        ; No                         ; 3.08 V                      ; 2.1e-07 V                   ; 3.12 V             ; -0.169 V           ; 0.165 V                             ; 0.384 V                             ; 4.57e-10 s                 ; 1.75e-10 s                 ; Yes                       ; No                        ;
; HEX3[3]  ; 3.3-V LVTTL  ; 0 s                 ; 0 s                 ; 3.08 V                       ; 1.58e-07 V                   ; 3.09 V              ; -0.13 V             ; 0.032 V                              ; 0.298 V                              ; 4.39e-10 s                  ; 1.69e-10 s                  ; Yes                        ; Yes                        ; 3.08 V                      ; 1.58e-07 V                  ; 3.09 V             ; -0.13 V            ; 0.032 V                             ; 0.298 V                             ; 4.39e-10 s                 ; 1.69e-10 s                 ; Yes                       ; Yes                       ;
; HEX3[4]  ; 3.3-V LVTTL  ; 0 s                 ; 0 s                 ; 3.08 V                       ; 2.1e-07 V                    ; 3.12 V              ; -0.169 V            ; 0.165 V                              ; 0.384 V                              ; 4.57e-10 s                  ; 1.75e-10 s                  ; Yes                        ; No                         ; 3.08 V                      ; 2.1e-07 V                   ; 3.12 V             ; -0.169 V           ; 0.165 V                             ; 0.384 V                             ; 4.57e-10 s                 ; 1.75e-10 s                 ; Yes                       ; No                        ;
; HEX3[5]  ; 3.3-V LVTTL  ; 0 s                 ; 0 s                 ; 3.08 V                       ; 2.1e-07 V                    ; 3.12 V              ; -0.169 V            ; 0.165 V                              ; 0.384 V                              ; 4.57e-10 s                  ; 1.75e-10 s                  ; Yes                        ; No                         ; 3.08 V                      ; 2.1e-07 V                   ; 3.12 V             ; -0.169 V           ; 0.165 V                             ; 0.384 V                             ; 4.57e-10 s                 ; 1.75e-10 s                 ; Yes                       ; No                        ;
; HEX3[6]  ; 3.3-V LVTTL  ; 0 s                 ; 0 s                 ; 3.08 V                       ; 1.58e-07 V                   ; 3.09 V              ; -0.13 V             ; 0.032 V                              ; 0.298 V                              ; 4.39e-10 s                  ; 1.69e-10 s                  ; Yes                        ; Yes                        ; 3.08 V                      ; 1.58e-07 V                  ; 3.09 V             ; -0.13 V            ; 0.032 V                             ; 0.298 V                             ; 4.39e-10 s                 ; 1.69e-10 s                 ; Yes                       ; Yes                       ;
; HEX4[0]  ; 3.3-V LVTTL  ; 0 s                 ; 0 s                 ; 3.08 V                       ; 2.01e-07 V                   ; 3.13 V              ; -0.229 V            ; 0.131 V                              ; 0.38 V                               ; 4.37e-10 s                  ; 1.58e-10 s                  ; Yes                        ; No                         ; 3.08 V                      ; 2.01e-07 V                  ; 3.13 V             ; -0.229 V           ; 0.131 V                             ; 0.38 V                              ; 4.37e-10 s                 ; 1.58e-10 s                 ; Yes                       ; No                        ;
; HEX4[1]  ; 3.3-V LVTTL  ; 0 s                 ; 0 s                 ; 3.08 V                       ; 1.58e-07 V                   ; 3.09 V              ; -0.13 V             ; 0.032 V                              ; 0.298 V                              ; 4.39e-10 s                  ; 1.69e-10 s                  ; Yes                        ; Yes                        ; 3.08 V                      ; 1.58e-07 V                  ; 3.09 V             ; -0.13 V            ; 0.032 V                             ; 0.298 V                             ; 4.39e-10 s                 ; 1.69e-10 s                 ; Yes                       ; Yes                       ;
; HEX4[2]  ; 3.3-V LVTTL  ; 0 s                 ; 0 s                 ; 3.08 V                       ; 1.58e-07 V                   ; 3.09 V              ; -0.13 V             ; 0.032 V                              ; 0.298 V                              ; 4.39e-10 s                  ; 1.69e-10 s                  ; Yes                        ; Yes                        ; 3.08 V                      ; 1.58e-07 V                  ; 3.09 V             ; -0.13 V            ; 0.032 V                             ; 0.298 V                             ; 4.39e-10 s                 ; 1.69e-10 s                 ; Yes                       ; Yes                       ;
; HEX4[3]  ; 3.3-V LVTTL  ; 0 s                 ; 0 s                 ; 3.08 V                       ; 1.58e-07 V                   ; 3.09 V              ; -0.13 V             ; 0.032 V                              ; 0.298 V                              ; 4.39e-10 s                  ; 1.69e-10 s                  ; Yes                        ; Yes                        ; 3.08 V                      ; 1.58e-07 V                  ; 3.09 V             ; -0.13 V            ; 0.032 V                             ; 0.298 V                             ; 4.39e-10 s                 ; 1.69e-10 s                 ; Yes                       ; Yes                       ;
; HEX4[4]  ; 3.3-V LVTTL  ; 0 s                 ; 0 s                 ; 3.08 V                       ; 2.1e-07 V                    ; 3.12 V              ; -0.169 V            ; 0.165 V                              ; 0.384 V                              ; 4.57e-10 s                  ; 1.75e-10 s                  ; Yes                        ; No                         ; 3.08 V                      ; 2.1e-07 V                   ; 3.12 V             ; -0.169 V           ; 0.165 V                             ; 0.384 V                             ; 4.57e-10 s                 ; 1.75e-10 s                 ; Yes                       ; No                        ;
; HEX4[5]  ; 3.3-V LVTTL  ; 0 s                 ; 0 s                 ; 3.08 V                       ; 2.1e-07 V                    ; 3.12 V              ; -0.169 V            ; 0.165 V                              ; 0.384 V                              ; 4.57e-10 s                  ; 1.75e-10 s                  ; Yes                        ; No                         ; 3.08 V                      ; 2.1e-07 V                   ; 3.12 V             ; -0.169 V           ; 0.165 V                             ; 0.384 V                             ; 4.57e-10 s                 ; 1.75e-10 s                 ; Yes                       ; No                        ;
; HEX4[6]  ; 3.3-V LVTTL  ; 0 s                 ; 0 s                 ; 3.08 V                       ; 1.58e-07 V                   ; 3.09 V              ; -0.13 V             ; 0.032 V                              ; 0.298 V                              ; 4.39e-10 s                  ; 1.69e-10 s                  ; Yes                        ; Yes                        ; 3.08 V                      ; 1.58e-07 V                  ; 3.09 V             ; -0.13 V            ; 0.032 V                             ; 0.298 V                             ; 4.39e-10 s                 ; 1.69e-10 s                 ; Yes                       ; Yes                       ;
; HEX5[0]  ; 3.3-V LVTTL  ; 0 s                 ; 0 s                 ; 3.08 V                       ; 2.1e-07 V                    ; 3.12 V              ; -0.169 V            ; 0.165 V                              ; 0.384 V                              ; 4.57e-10 s                  ; 1.75e-10 s                  ; Yes                        ; No                         ; 3.08 V                      ; 2.1e-07 V                   ; 3.12 V             ; -0.169 V           ; 0.165 V                             ; 0.384 V                             ; 4.57e-10 s                 ; 1.75e-10 s                 ; Yes                       ; No                        ;
; HEX5[1]  ; 3.3-V LVTTL  ; 0 s                 ; 0 s                 ; 3.08 V                       ; 1.58e-07 V                   ; 3.09 V              ; -0.13 V             ; 0.032 V                              ; 0.298 V                              ; 4.39e-10 s                  ; 1.69e-10 s                  ; Yes                        ; Yes                        ; 3.08 V                      ; 1.58e-07 V                  ; 3.09 V             ; -0.13 V            ; 0.032 V                             ; 0.298 V                             ; 4.39e-10 s                 ; 1.69e-10 s                 ; Yes                       ; Yes                       ;
; HEX5[2]  ; 3.3-V LVTTL  ; 0 s                 ; 0 s                 ; 3.08 V                       ; 1.58e-07 V                   ; 3.09 V              ; -0.13 V             ; 0.032 V                              ; 0.298 V                              ; 4.39e-10 s                  ; 1.69e-10 s                  ; Yes                        ; Yes                        ; 3.08 V                      ; 1.58e-07 V                  ; 3.09 V             ; -0.13 V            ; 0.032 V                             ; 0.298 V                             ; 4.39e-10 s                 ; 1.69e-10 s                 ; Yes                       ; Yes                       ;
; HEX5[3]  ; 3.3-V LVTTL  ; 0 s                 ; 0 s                 ; 3.08 V                       ; 1.58e-07 V                   ; 3.09 V              ; -0.13 V             ; 0.032 V                              ; 0.298 V                              ; 4.39e-10 s                  ; 1.69e-10 s                  ; Yes                        ; Yes                        ; 3.08 V                      ; 1.58e-07 V                  ; 3.09 V             ; -0.13 V            ; 0.032 V                             ; 0.298 V                             ; 4.39e-10 s                 ; 1.69e-10 s                 ; Yes                       ; Yes                       ;
; HEX5[4]  ; 3.3-V LVTTL  ; 0 s                 ; 0 s                 ; 3.08 V                       ; 2.01e-07 V                   ; 3.13 V              ; -0.229 V            ; 0.132 V                              ; 0.377 V                              ; 4.37e-10 s                  ; 1.58e-10 s                  ; Yes                        ; No                         ; 3.08 V                      ; 2.01e-07 V                  ; 3.13 V             ; -0.229 V           ; 0.132 V                             ; 0.377 V                             ; 4.37e-10 s                 ; 1.58e-10 s                 ; Yes                       ; No                        ;
; HEX5[5]  ; 3.3-V LVTTL  ; 0 s                 ; 0 s                 ; 3.08 V                       ; 2.01e-07 V                   ; 3.13 V              ; -0.229 V            ; 0.131 V                              ; 0.38 V                               ; 4.37e-10 s                  ; 1.58e-10 s                  ; Yes                        ; No                         ; 3.08 V                      ; 2.01e-07 V                  ; 3.13 V             ; -0.229 V           ; 0.131 V                             ; 0.38 V                              ; 4.37e-10 s                 ; 1.58e-10 s                 ; Yes                       ; No                        ;
; HEX5[6]  ; 3.3-V LVTTL  ; 0 s                 ; 0 s                 ; 3.08 V                       ; 2.1e-07 V                    ; 3.12 V              ; -0.169 V            ; 0.165 V                              ; 0.384 V                              ; 4.57e-10 s                  ; 1.75e-10 s                  ; Yes                        ; No                         ; 3.08 V                      ; 2.1e-07 V                   ; 3.12 V             ; -0.169 V           ; 0.165 V                             ; 0.384 V                             ; 4.57e-10 s                 ; 1.75e-10 s                 ; Yes                       ; No                        ;
; PS2_CLK  ; 3.3-V LVTTL  ; 0 s                 ; 0 s                 ; 3.08 V                       ; 2.1e-07 V                    ; 3.12 V              ; -0.169 V            ; 0.165 V                              ; 0.384 V                              ; 4.57e-10 s                  ; 1.75e-10 s                  ; Yes                        ; No                         ; 3.08 V                      ; 2.1e-07 V                   ; 3.12 V             ; -0.169 V           ; 0.165 V                             ; 0.384 V                             ; 4.57e-10 s                 ; 1.75e-10 s                 ; Yes                       ; No                        ;
; PS2_DAT  ; 3.3-V LVTTL  ; 0 s                 ; 0 s                 ; 3.08 V                       ; 2.1e-07 V                    ; 3.12 V              ; -0.169 V            ; 0.165 V                              ; 0.384 V                              ; 4.57e-10 s                  ; 1.75e-10 s                  ; Yes                        ; No                         ; 3.08 V                      ; 2.1e-07 V                   ; 3.12 V             ; -0.169 V           ; 0.165 V                             ; 0.384 V                             ; 4.57e-10 s                 ; 1.75e-10 s                 ; Yes                       ; No                        ;
+----------+--------------+---------------------+---------------------+------------------------------+------------------------------+---------------------+---------------------+--------------------------------------+--------------------------------------+-----------------------------+-----------------------------+----------------------------+----------------------------+-----------------------------+-----------------------------+--------------------+--------------------+-------------------------------------+-------------------------------------+----------------------------+----------------------------+---------------------------+---------------------------+


+---------------------------------------------------------------------------------------------------------------------------------------------------------------------------------------------------------------------------------------------------------------------------------------------------------------------------------------------------------------------------------------------------------------------------------------------------------------------------------------------------------------------------------------------------------------------------------------------------------------------------------------------------------------------------------------+
; Signal Integrity Metrics (Slow 1100mv 85c Model)                                                                                                                                                                                                                                                                                                                                                                                                                                                                                                                                                                                                                                      ;
+----------+--------------+---------------------+---------------------+------------------------------+------------------------------+---------------------+---------------------+--------------------------------------+--------------------------------------+-----------------------------+-----------------------------+----------------------------+----------------------------+-----------------------------+-----------------------------+--------------------+--------------------+-------------------------------------+-------------------------------------+----------------------------+----------------------------+---------------------------+---------------------------+
; Pin      ; I/O Standard ; Board Delay on Rise ; Board Delay on Fall ; Steady State Voh at FPGA Pin ; Steady State Vol at FPGA Pin ; Voh Max at FPGA Pin ; Vol Min at FPGA Pin ; Ringback Voltage on Rise at FPGA Pin ; Ringback Voltage on Fall at FPGA Pin ; 10-90 Rise Time at FPGA Pin ; 90-10 Fall Time at FPGA Pin ; Monotonic Rise at FPGA Pin ; Monotonic Fall at FPGA Pin ; Steady State Voh at Far-end ; Steady State Vol at Far-end ; Voh Max at Far-end ; Vol Min at Far-end ; Ringback Voltage on Rise at Far-end ; Ringback Voltage on Fall at Far-end ; 10-90 Rise Time at Far-end ; 90-10 Fall Time at Far-end ; Monotonic Rise at Far-end ; Monotonic Fall at Far-end ;
+----------+--------------+---------------------+---------------------+------------------------------+------------------------------+---------------------+---------------------+--------------------------------------+--------------------------------------+-----------------------------+-----------------------------+----------------------------+----------------------------+-----------------------------+-----------------------------+--------------------+--------------------+-------------------------------------+-------------------------------------+----------------------------+----------------------------+---------------------------+---------------------------+
; VGA_R[0] ; 3.3-V LVTTL  ; 0 s                 ; 0 s                 ; 3.08 V                       ; 2.02e-05 V                   ; 3.11 V              ; -0.117 V            ; 0.087 V                              ; 0.148 V                              ; 5.31e-10 s                  ; 3.14e-10 s                  ; Yes                        ; No                         ; 3.08 V                      ; 2.02e-05 V                  ; 3.11 V             ; -0.117 V           ; 0.087 V                             ; 0.148 V                             ; 5.31e-10 s                 ; 3.14e-10 s                 ; Yes                       ; No                        ;
; VGA_R[1] ; 3.3-V LVTTL  ; 0 s                 ; 0 s                 ; 3.08 V                       ; 2.1e-05 V                    ; 3.11 V              ; -0.0931 V           ; 0.115 V                              ; 0.142 V                              ; 5.74e-10 s                  ; 3.17e-10 s                  ; Yes                        ; Yes                        ; 3.08 V                      ; 2.1e-05 V                   ; 3.11 V             ; -0.0931 V          ; 0.115 V                             ; 0.142 V                             ; 5.74e-10 s                 ; 3.17e-10 s                 ; Yes                       ; Yes                       ;
; VGA_R[2] ; 3.3-V LVTTL  ; 0 s                 ; 0 s                 ; 3.08 V                       ; 1.66e-05 V                   ; 3.09 V              ; -0.0542 V           ; 0.04 V                               ; 0.089 V                              ; 5.35e-10 s                  ; 3.01e-10 s                  ; Yes                        ; Yes                        ; 3.08 V                      ; 1.66e-05 V                  ; 3.09 V             ; -0.0542 V          ; 0.04 V                              ; 0.089 V                             ; 5.35e-10 s                 ; 3.01e-10 s                 ; Yes                       ; Yes                       ;
; VGA_R[3] ; 3.3-V LVTTL  ; 0 s                 ; 0 s                 ; 3.08 V                       ; 2.02e-05 V                   ; 3.11 V              ; -0.117 V            ; 0.087 V                              ; 0.147 V                              ; 5.3e-10 s                   ; 3.14e-10 s                  ; Yes                        ; No                         ; 3.08 V                      ; 2.02e-05 V                  ; 3.11 V             ; -0.117 V           ; 0.087 V                             ; 0.147 V                             ; 5.3e-10 s                  ; 3.14e-10 s                 ; Yes                       ; No                        ;
; VGA_G[0] ; 3.3-V LVTTL  ; 0 s                 ; 0 s                 ; 3.08 V                       ; 2.02e-05 V                   ; 3.11 V              ; -0.117 V            ; 0.087 V                              ; 0.147 V                              ; 5.3e-10 s                   ; 3.14e-10 s                  ; Yes                        ; No                         ; 3.08 V                      ; 2.02e-05 V                  ; 3.11 V             ; -0.117 V           ; 0.087 V                             ; 0.147 V                             ; 5.3e-10 s                  ; 3.14e-10 s                 ; Yes                       ; No                        ;
; VGA_G[1] ; 3.3-V LVTTL  ; 0 s                 ; 0 s                 ; 3.08 V                       ; 2.02e-05 V                   ; 3.11 V              ; -0.117 V            ; 0.087 V                              ; 0.148 V                              ; 5.31e-10 s                  ; 3.14e-10 s                  ; Yes                        ; No                         ; 3.08 V                      ; 2.02e-05 V                  ; 3.11 V             ; -0.117 V           ; 0.087 V                             ; 0.148 V                             ; 5.31e-10 s                 ; 3.14e-10 s                 ; Yes                       ; No                        ;
; VGA_G[2] ; 3.3-V LVTTL  ; 0 s                 ; 0 s                 ; 3.08 V                       ; 2.1e-05 V                    ; 3.11 V              ; -0.0931 V           ; 0.115 V                              ; 0.142 V                              ; 5.74e-10 s                  ; 3.17e-10 s                  ; Yes                        ; Yes                        ; 3.08 V                      ; 2.1e-05 V                   ; 3.11 V             ; -0.0931 V          ; 0.115 V                             ; 0.142 V                             ; 5.74e-10 s                 ; 3.17e-10 s                 ; Yes                       ; Yes                       ;
; VGA_G[3] ; 3.3-V LVTTL  ; 0 s                 ; 0 s                 ; 3.08 V                       ; 1.66e-05 V                   ; 3.09 V              ; -0.0542 V           ; 0.04 V                               ; 0.089 V                              ; 5.35e-10 s                  ; 3.01e-10 s                  ; Yes                        ; Yes                        ; 3.08 V                      ; 1.66e-05 V                  ; 3.09 V             ; -0.0542 V          ; 0.04 V                              ; 0.089 V                             ; 5.35e-10 s                 ; 3.01e-10 s                 ; Yes                       ; Yes                       ;
; VGA_B[0] ; 3.3-V LVTTL  ; 0 s                 ; 0 s                 ; 3.08 V                       ; 2.02e-05 V                   ; 3.11 V              ; -0.117 V            ; 0.087 V                              ; 0.147 V                              ; 5.3e-10 s                   ; 3.14e-10 s                  ; Yes                        ; No                         ; 3.08 V                      ; 2.02e-05 V                  ; 3.11 V             ; -0.117 V           ; 0.087 V                             ; 0.147 V                             ; 5.3e-10 s                  ; 3.14e-10 s                 ; Yes                       ; No                        ;
; VGA_B[1] ; 3.3-V LVTTL  ; 0 s                 ; 0 s                 ; 3.08 V                       ; 2.02e-05 V                   ; 3.11 V              ; -0.117 V            ; 0.087 V                              ; 0.148 V                              ; 5.31e-10 s                  ; 3.14e-10 s                  ; Yes                        ; No                         ; 3.08 V                      ; 2.02e-05 V                  ; 3.11 V             ; -0.117 V           ; 0.087 V                             ; 0.148 V                             ; 5.31e-10 s                 ; 3.14e-10 s                 ; Yes                       ; No                        ;
; VGA_B[2] ; 3.3-V LVTTL  ; 0 s                 ; 0 s                 ; 3.08 V                       ; 2.1e-05 V                    ; 3.11 V              ; -0.0931 V           ; 0.115 V                              ; 0.142 V                              ; 5.74e-10 s                  ; 3.17e-10 s                  ; Yes                        ; Yes                        ; 3.08 V                      ; 2.1e-05 V                   ; 3.11 V             ; -0.0931 V          ; 0.115 V                             ; 0.142 V                             ; 5.74e-10 s                 ; 3.17e-10 s                 ; Yes                       ; Yes                       ;
; VGA_B[3] ; 3.3-V LVTTL  ; 0 s                 ; 0 s                 ; 3.08 V                       ; 1.66e-05 V                   ; 3.09 V              ; -0.0542 V           ; 0.04 V                               ; 0.089 V                              ; 5.35e-10 s                  ; 3.01e-10 s                  ; Yes                        ; Yes                        ; 3.08 V                      ; 1.66e-05 V                  ; 3.09 V             ; -0.0542 V          ; 0.04 V                              ; 0.089 V                             ; 5.35e-10 s                 ; 3.01e-10 s                 ; Yes                       ; Yes                       ;
; VGA_HS   ; 3.3-V LVTTL  ; 0 s                 ; 0 s                 ; 3.08 V                       ; 2.02e-05 V                   ; 3.11 V              ; -0.117 V            ; 0.087 V                              ; 0.147 V                              ; 5.3e-10 s                   ; 3.14e-10 s                  ; Yes                        ; No                         ; 3.08 V                      ; 2.02e-05 V                  ; 3.11 V             ; -0.117 V           ; 0.087 V                             ; 0.147 V                             ; 5.3e-10 s                  ; 3.14e-10 s                 ; Yes                       ; No                        ;
; VGA_VS   ; 3.3-V LVTTL  ; 0 s                 ; 0 s                 ; 3.08 V                       ; 2.02e-05 V                   ; 3.11 V              ; -0.117 V            ; 0.087 V                              ; 0.148 V                              ; 5.31e-10 s                  ; 3.14e-10 s                  ; Yes                        ; No                         ; 3.08 V                      ; 2.02e-05 V                  ; 3.11 V             ; -0.117 V           ; 0.087 V                             ; 0.148 V                             ; 5.31e-10 s                 ; 3.14e-10 s                 ; Yes                       ; No                        ;
; LEDR0    ; 3.3-V LVTTL  ; 0 s                 ; 0 s                 ; 3.08 V                       ; 2.02e-05 V                   ; 3.11 V              ; -0.117 V            ; 0.087 V                              ; 0.147 V                              ; 5.3e-10 s                   ; 3.14e-10 s                  ; Yes                        ; No                         ; 3.08 V                      ; 2.02e-05 V                  ; 3.11 V             ; -0.117 V           ; 0.087 V                             ; 0.147 V                             ; 5.3e-10 s                  ; 3.14e-10 s                 ; Yes                       ; No                        ;
; HEX0[0]  ; 3.3-V LVTTL  ; 0 s                 ; 0 s                 ; 3.08 V                       ; 2.02e-05 V                   ; 3.11 V              ; -0.117 V            ; 0.087 V                              ; 0.148 V                              ; 5.31e-10 s                  ; 3.14e-10 s                  ; Yes                        ; No                         ; 3.08 V                      ; 2.02e-05 V                  ; 3.11 V             ; -0.117 V           ; 0.087 V                             ; 0.148 V                             ; 5.31e-10 s                 ; 3.14e-10 s                 ; Yes                       ; No                        ;
; HEX0[1]  ; 3.3-V LVTTL  ; 0 s                 ; 0 s                 ; 3.08 V                       ; 2.02e-05 V                   ; 3.11 V              ; -0.117 V            ; 0.087 V                              ; 0.147 V                              ; 5.3e-10 s                   ; 3.14e-10 s                  ; Yes                        ; No                         ; 3.08 V                      ; 2.02e-05 V                  ; 3.11 V             ; -0.117 V           ; 0.087 V                             ; 0.147 V                             ; 5.3e-10 s                  ; 3.14e-10 s                 ; Yes                       ; No                        ;
; HEX0[2]  ; 3.3-V LVTTL  ; 0 s                 ; 0 s                 ; 3.08 V                       ; 2.02e-05 V                   ; 3.11 V              ; -0.117 V            ; 0.087 V                              ; 0.147 V                              ; 5.3e-10 s                   ; 3.14e-10 s                  ; Yes                        ; No                         ; 3.08 V                      ; 2.02e-05 V                  ; 3.11 V             ; -0.117 V           ; 0.087 V                             ; 0.147 V                             ; 5.3e-10 s                  ; 3.14e-10 s                 ; Yes                       ; No                        ;
; HEX0[3]  ; 3.3-V LVTTL  ; 0 s                 ; 0 s                 ; 3.08 V                       ; 2.02e-05 V                   ; 3.11 V              ; -0.117 V            ; 0.087 V                              ; 0.147 V                              ; 5.3e-10 s                   ; 3.14e-10 s                  ; Yes                        ; No                         ; 3.08 V                      ; 2.02e-05 V                  ; 3.11 V             ; -0.117 V           ; 0.087 V                             ; 0.147 V                             ; 5.3e-10 s                  ; 3.14e-10 s                 ; Yes                       ; No                        ;
; HEX0[4]  ; 3.3-V LVTTL  ; 0 s                 ; 0 s                 ; 3.08 V                       ; 2.02e-05 V                   ; 3.11 V              ; -0.117 V            ; 0.087 V                              ; 0.148 V                              ; 5.31e-10 s                  ; 3.14e-10 s                  ; Yes                        ; No                         ; 3.08 V                      ; 2.02e-05 V                  ; 3.11 V             ; -0.117 V           ; 0.087 V                             ; 0.148 V                             ; 5.31e-10 s                 ; 3.14e-10 s                 ; Yes                       ; No                        ;
; HEX0[5]  ; 3.3-V LVTTL  ; 0 s                 ; 0 s                 ; 3.08 V                       ; 2.02e-05 V                   ; 3.11 V              ; -0.117 V            ; 0.087 V                              ; 0.148 V                              ; 5.31e-10 s                  ; 3.14e-10 s                  ; Yes                        ; No                         ; 3.08 V                      ; 2.02e-05 V                  ; 3.11 V             ; -0.117 V           ; 0.087 V                             ; 0.148 V                             ; 5.31e-10 s                 ; 3.14e-10 s                 ; Yes                       ; No                        ;
; HEX0[6]  ; 3.3-V LVTTL  ; 0 s                 ; 0 s                 ; 3.08 V                       ; 2.02e-05 V                   ; 3.11 V              ; -0.117 V            ; 0.087 V                              ; 0.147 V                              ; 5.3e-10 s                   ; 3.14e-10 s                  ; Yes                        ; No                         ; 3.08 V                      ; 2.02e-05 V                  ; 3.11 V             ; -0.117 V           ; 0.087 V                             ; 0.147 V                             ; 5.3e-10 s                  ; 3.14e-10 s                 ; Yes                       ; No                        ;
; HEX1[0]  ; 3.3-V LVTTL  ; 0 s                 ; 0 s                 ; 3.08 V                       ; 2.02e-05 V                   ; 3.11 V              ; -0.117 V            ; 0.087 V                              ; 0.147 V                              ; 5.3e-10 s                   ; 3.14e-10 s                  ; Yes                        ; No                         ; 3.08 V                      ; 2.02e-05 V                  ; 3.11 V             ; -0.117 V           ; 0.087 V                             ; 0.147 V                             ; 5.3e-10 s                  ; 3.14e-10 s                 ; Yes                       ; No                        ;
; HEX1[1]  ; 3.3-V LVTTL  ; 0 s                 ; 0 s                 ; 3.08 V                       ; 2.02e-05 V                   ; 3.11 V              ; -0.117 V            ; 0.087 V                              ; 0.148 V                              ; 5.31e-10 s                  ; 3.14e-10 s                  ; Yes                        ; No                         ; 3.08 V                      ; 2.02e-05 V                  ; 3.11 V             ; -0.117 V           ; 0.087 V                             ; 0.148 V                             ; 5.31e-10 s                 ; 3.14e-10 s                 ; Yes                       ; No                        ;
; HEX1[2]  ; 3.3-V LVTTL  ; 0 s                 ; 0 s                 ; 3.08 V                       ; 2.02e-05 V                   ; 3.11 V              ; -0.117 V            ; 0.087 V                              ; 0.148 V                              ; 5.31e-10 s                  ; 3.14e-10 s                  ; Yes                        ; No                         ; 3.08 V                      ; 2.02e-05 V                  ; 3.11 V             ; -0.117 V           ; 0.087 V                             ; 0.148 V                             ; 5.31e-10 s                 ; 3.14e-10 s                 ; Yes                       ; No                        ;
; HEX1[3]  ; 3.3-V LVTTL  ; 0 s                 ; 0 s                 ; 3.08 V                       ; 2.02e-05 V                   ; 3.11 V              ; -0.117 V            ; 0.087 V                              ; 0.147 V                              ; 5.3e-10 s                   ; 3.14e-10 s                  ; Yes                        ; No                         ; 3.08 V                      ; 2.02e-05 V                  ; 3.11 V             ; -0.117 V           ; 0.087 V                             ; 0.147 V                             ; 5.3e-10 s                  ; 3.14e-10 s                 ; Yes                       ; No                        ;
; HEX1[4]  ; 3.3-V LVTTL  ; 0 s                 ; 0 s                 ; 3.08 V                       ; 2.02e-05 V                   ; 3.11 V              ; -0.117 V            ; 0.087 V                              ; 0.147 V                              ; 5.3e-10 s                   ; 3.14e-10 s                  ; Yes                        ; No                         ; 3.08 V                      ; 2.02e-05 V                  ; 3.11 V             ; -0.117 V           ; 0.087 V                             ; 0.147 V                             ; 5.3e-10 s                  ; 3.14e-10 s                 ; Yes                       ; No                        ;
; HEX1[5]  ; 3.3-V LVTTL  ; 0 s                 ; 0 s                 ; 3.08 V                       ; 2.02e-05 V                   ; 3.11 V              ; -0.117 V            ; 0.087 V                              ; 0.148 V                              ; 5.31e-10 s                  ; 3.14e-10 s                  ; Yes                        ; No                         ; 3.08 V                      ; 2.02e-05 V                  ; 3.11 V             ; -0.117 V           ; 0.087 V                             ; 0.148 V                             ; 5.31e-10 s                 ; 3.14e-10 s                 ; Yes                       ; No                        ;
; HEX1[6]  ; 3.3-V LVTTL  ; 0 s                 ; 0 s                 ; 3.08 V                       ; 2.02e-05 V                   ; 3.11 V              ; -0.117 V            ; 0.087 V                              ; 0.148 V                              ; 5.31e-10 s                  ; 3.14e-10 s                  ; Yes                        ; No                         ; 3.08 V                      ; 2.02e-05 V                  ; 3.11 V             ; -0.117 V           ; 0.087 V                             ; 0.148 V                             ; 5.31e-10 s                 ; 3.14e-10 s                 ; Yes                       ; No                        ;
; HEX2[0]  ; 3.3-V LVTTL  ; 0 s                 ; 0 s                 ; 3.08 V                       ; 2.1e-05 V                    ; 3.11 V              ; -0.0931 V           ; 0.115 V                              ; 0.142 V                              ; 5.74e-10 s                  ; 3.17e-10 s                  ; Yes                        ; Yes                        ; 3.08 V                      ; 2.1e-05 V                   ; 3.11 V             ; -0.0931 V          ; 0.115 V                             ; 0.142 V                             ; 5.74e-10 s                 ; 3.17e-10 s                 ; Yes                       ; Yes                       ;
; HEX2[1]  ; 3.3-V LVTTL  ; 0 s                 ; 0 s                 ; 3.08 V                       ; 2.02e-05 V                   ; 3.11 V              ; -0.117 V            ; 0.087 V                              ; 0.148 V                              ; 5.31e-10 s                  ; 3.14e-10 s                  ; Yes                        ; No                         ; 3.08 V                      ; 2.02e-05 V                  ; 3.11 V             ; -0.117 V           ; 0.087 V                             ; 0.148 V                             ; 5.31e-10 s                 ; 3.14e-10 s                 ; Yes                       ; No                        ;
; HEX2[2]  ; 3.3-V LVTTL  ; 0 s                 ; 0 s                 ; 3.08 V                       ; 2.02e-05 V                   ; 3.11 V              ; -0.117 V            ; 0.087 V                              ; 0.148 V                              ; 5.31e-10 s                  ; 3.14e-10 s                  ; Yes                        ; No                         ; 3.08 V                      ; 2.02e-05 V                  ; 3.11 V             ; -0.117 V           ; 0.087 V                             ; 0.148 V                             ; 5.31e-10 s                 ; 3.14e-10 s                 ; Yes                       ; No                        ;
; HEX2[3]  ; 3.3-V LVTTL  ; 0 s                 ; 0 s                 ; 3.08 V                       ; 1.66e-05 V                   ; 3.09 V              ; -0.0542 V           ; 0.04 V                               ; 0.089 V                              ; 5.35e-10 s                  ; 3.01e-10 s                  ; Yes                        ; Yes                        ; 3.08 V                      ; 1.66e-05 V                  ; 3.09 V             ; -0.0542 V          ; 0.04 V                              ; 0.089 V                             ; 5.35e-10 s                 ; 3.01e-10 s                 ; Yes                       ; Yes                       ;
; HEX2[4]  ; 3.3-V LVTTL  ; 0 s                 ; 0 s                 ; 3.08 V                       ; 1.66e-05 V                   ; 3.09 V              ; -0.0542 V           ; 0.04 V                               ; 0.089 V                              ; 5.35e-10 s                  ; 3.01e-10 s                  ; Yes                        ; Yes                        ; 3.08 V                      ; 1.66e-05 V                  ; 3.09 V             ; -0.0542 V          ; 0.04 V                              ; 0.089 V                             ; 5.35e-10 s                 ; 3.01e-10 s                 ; Yes                       ; Yes                       ;
; HEX2[5]  ; 3.3-V LVTTL  ; 0 s                 ; 0 s                 ; 3.08 V                       ; 2.02e-05 V                   ; 3.11 V              ; -0.117 V            ; 0.087 V                              ; 0.148 V                              ; 5.31e-10 s                  ; 3.14e-10 s                  ; Yes                        ; No                         ; 3.08 V                      ; 2.02e-05 V                  ; 3.11 V             ; -0.117 V           ; 0.087 V                             ; 0.148 V                             ; 5.31e-10 s                 ; 3.14e-10 s                 ; Yes                       ; No                        ;
; HEX2[6]  ; 3.3-V LVTTL  ; 0 s                 ; 0 s                 ; 3.08 V                       ; 2.02e-05 V                   ; 3.11 V              ; -0.117 V            ; 0.087 V                              ; 0.147 V                              ; 5.3e-10 s                   ; 3.14e-10 s                  ; Yes                        ; No                         ; 3.08 V                      ; 2.02e-05 V                  ; 3.11 V             ; -0.117 V           ; 0.087 V                             ; 0.147 V                             ; 5.3e-10 s                  ; 3.14e-10 s                 ; Yes                       ; No                        ;
; HEX3[0]  ; 3.3-V LVTTL  ; 0 s                 ; 0 s                 ; 3.08 V                       ; 1.66e-05 V                   ; 3.09 V              ; -0.0542 V           ; 0.04 V                               ; 0.089 V                              ; 5.35e-10 s                  ; 3.01e-10 s                  ; Yes                        ; Yes                        ; 3.08 V                      ; 1.66e-05 V                  ; 3.09 V             ; -0.0542 V          ; 0.04 V                              ; 0.089 V                             ; 5.35e-10 s                 ; 3.01e-10 s                 ; Yes                       ; Yes                       ;
; HEX3[1]  ; 3.3-V LVTTL  ; 0 s                 ; 0 s                 ; 3.08 V                       ; 2.1e-05 V                    ; 3.11 V              ; -0.0931 V           ; 0.115 V                              ; 0.142 V                              ; 5.74e-10 s                  ; 3.17e-10 s                  ; Yes                        ; Yes                        ; 3.08 V                      ; 2.1e-05 V                   ; 3.11 V             ; -0.0931 V          ; 0.115 V                             ; 0.142 V                             ; 5.74e-10 s                 ; 3.17e-10 s                 ; Yes                       ; Yes                       ;
; HEX3[2]  ; 3.3-V LVTTL  ; 0 s                 ; 0 s                 ; 3.08 V                       ; 2.1e-05 V                    ; 3.11 V              ; -0.0931 V           ; 0.115 V                              ; 0.142 V                              ; 5.74e-10 s                  ; 3.17e-10 s                  ; Yes                        ; Yes                        ; 3.08 V                      ; 2.1e-05 V                   ; 3.11 V             ; -0.0931 V          ; 0.115 V                             ; 0.142 V                             ; 5.74e-10 s                 ; 3.17e-10 s                 ; Yes                       ; Yes                       ;
; HEX3[3]  ; 3.3-V LVTTL  ; 0 s                 ; 0 s                 ; 3.08 V                       ; 1.66e-05 V                   ; 3.09 V              ; -0.0542 V           ; 0.04 V                               ; 0.089 V                              ; 5.35e-10 s                  ; 3.01e-10 s                  ; Yes                        ; Yes                        ; 3.08 V                      ; 1.66e-05 V                  ; 3.09 V             ; -0.0542 V          ; 0.04 V                              ; 0.089 V                             ; 5.35e-10 s                 ; 3.01e-10 s                 ; Yes                       ; Yes                       ;
; HEX3[4]  ; 3.3-V LVTTL  ; 0 s                 ; 0 s                 ; 3.08 V                       ; 2.1e-05 V                    ; 3.11 V              ; -0.0931 V           ; 0.115 V                              ; 0.142 V                              ; 5.74e-10 s                  ; 3.17e-10 s                  ; Yes                        ; Yes                        ; 3.08 V                      ; 2.1e-05 V                   ; 3.11 V             ; -0.0931 V          ; 0.115 V                             ; 0.142 V                             ; 5.74e-10 s                 ; 3.17e-10 s                 ; Yes                       ; Yes                       ;
; HEX3[5]  ; 3.3-V LVTTL  ; 0 s                 ; 0 s                 ; 3.08 V                       ; 2.1e-05 V                    ; 3.11 V              ; -0.0931 V           ; 0.115 V                              ; 0.142 V                              ; 5.74e-10 s                  ; 3.17e-10 s                  ; Yes                        ; Yes                        ; 3.08 V                      ; 2.1e-05 V                   ; 3.11 V             ; -0.0931 V          ; 0.115 V                             ; 0.142 V                             ; 5.74e-10 s                 ; 3.17e-10 s                 ; Yes                       ; Yes                       ;
; HEX3[6]  ; 3.3-V LVTTL  ; 0 s                 ; 0 s                 ; 3.08 V                       ; 1.66e-05 V                   ; 3.09 V              ; -0.0542 V           ; 0.04 V                               ; 0.089 V                              ; 5.35e-10 s                  ; 3.01e-10 s                  ; Yes                        ; Yes                        ; 3.08 V                      ; 1.66e-05 V                  ; 3.09 V             ; -0.0542 V          ; 0.04 V                              ; 0.089 V                             ; 5.35e-10 s                 ; 3.01e-10 s                 ; Yes                       ; Yes                       ;
; HEX4[0]  ; 3.3-V LVTTL  ; 0 s                 ; 0 s                 ; 3.08 V                       ; 2.02e-05 V                   ; 3.11 V              ; -0.117 V            ; 0.087 V                              ; 0.147 V                              ; 5.3e-10 s                   ; 3.14e-10 s                  ; Yes                        ; No                         ; 3.08 V                      ; 2.02e-05 V                  ; 3.11 V             ; -0.117 V           ; 0.087 V                             ; 0.147 V                             ; 5.3e-10 s                  ; 3.14e-10 s                 ; Yes                       ; No                        ;
; HEX4[1]  ; 3.3-V LVTTL  ; 0 s                 ; 0 s                 ; 3.08 V                       ; 1.66e-05 V                   ; 3.09 V              ; -0.0542 V           ; 0.04 V                               ; 0.089 V                              ; 5.35e-10 s                  ; 3.01e-10 s                  ; Yes                        ; Yes                        ; 3.08 V                      ; 1.66e-05 V                  ; 3.09 V             ; -0.0542 V          ; 0.04 V                              ; 0.089 V                             ; 5.35e-10 s                 ; 3.01e-10 s                 ; Yes                       ; Yes                       ;
; HEX4[2]  ; 3.3-V LVTTL  ; 0 s                 ; 0 s                 ; 3.08 V                       ; 1.66e-05 V                   ; 3.09 V              ; -0.0542 V           ; 0.04 V                               ; 0.089 V                              ; 5.35e-10 s                  ; 3.01e-10 s                  ; Yes                        ; Yes                        ; 3.08 V                      ; 1.66e-05 V                  ; 3.09 V             ; -0.0542 V          ; 0.04 V                              ; 0.089 V                             ; 5.35e-10 s                 ; 3.01e-10 s                 ; Yes                       ; Yes                       ;
; HEX4[3]  ; 3.3-V LVTTL  ; 0 s                 ; 0 s                 ; 3.08 V                       ; 1.66e-05 V                   ; 3.09 V              ; -0.0542 V           ; 0.04 V                               ; 0.089 V                              ; 5.35e-10 s                  ; 3.01e-10 s                  ; Yes                        ; Yes                        ; 3.08 V                      ; 1.66e-05 V                  ; 3.09 V             ; -0.0542 V          ; 0.04 V                              ; 0.089 V                             ; 5.35e-10 s                 ; 3.01e-10 s                 ; Yes                       ; Yes                       ;
; HEX4[4]  ; 3.3-V LVTTL  ; 0 s                 ; 0 s                 ; 3.08 V                       ; 2.1e-05 V                    ; 3.11 V              ; -0.0931 V           ; 0.115 V                              ; 0.142 V                              ; 5.74e-10 s                  ; 3.17e-10 s                  ; Yes                        ; Yes                        ; 3.08 V                      ; 2.1e-05 V                   ; 3.11 V             ; -0.0931 V          ; 0.115 V                             ; 0.142 V                             ; 5.74e-10 s                 ; 3.17e-10 s                 ; Yes                       ; Yes                       ;
; HEX4[5]  ; 3.3-V LVTTL  ; 0 s                 ; 0 s                 ; 3.08 V                       ; 2.1e-05 V                    ; 3.11 V              ; -0.0931 V           ; 0.115 V                              ; 0.142 V                              ; 5.74e-10 s                  ; 3.17e-10 s                  ; Yes                        ; Yes                        ; 3.08 V                      ; 2.1e-05 V                   ; 3.11 V             ; -0.0931 V          ; 0.115 V                             ; 0.142 V                             ; 5.74e-10 s                 ; 3.17e-10 s                 ; Yes                       ; Yes                       ;
; HEX4[6]  ; 3.3-V LVTTL  ; 0 s                 ; 0 s                 ; 3.08 V                       ; 1.66e-05 V                   ; 3.09 V              ; -0.0542 V           ; 0.04 V                               ; 0.089 V                              ; 5.35e-10 s                  ; 3.01e-10 s                  ; Yes                        ; Yes                        ; 3.08 V                      ; 1.66e-05 V                  ; 3.09 V             ; -0.0542 V          ; 0.04 V                              ; 0.089 V                             ; 5.35e-10 s                 ; 3.01e-10 s                 ; Yes                       ; Yes                       ;
; HEX5[0]  ; 3.3-V LVTTL  ; 0 s                 ; 0 s                 ; 3.08 V                       ; 2.1e-05 V                    ; 3.11 V              ; -0.0931 V           ; 0.115 V                              ; 0.142 V                              ; 5.74e-10 s                  ; 3.17e-10 s                  ; Yes                        ; Yes                        ; 3.08 V                      ; 2.1e-05 V                   ; 3.11 V             ; -0.0931 V          ; 0.115 V                             ; 0.142 V                             ; 5.74e-10 s                 ; 3.17e-10 s                 ; Yes                       ; Yes                       ;
; HEX5[1]  ; 3.3-V LVTTL  ; 0 s                 ; 0 s                 ; 3.08 V                       ; 1.66e-05 V                   ; 3.09 V              ; -0.0542 V           ; 0.04 V                               ; 0.089 V                              ; 5.35e-10 s                  ; 3.01e-10 s                  ; Yes                        ; Yes                        ; 3.08 V                      ; 1.66e-05 V                  ; 3.09 V             ; -0.0542 V          ; 0.04 V                              ; 0.089 V                             ; 5.35e-10 s                 ; 3.01e-10 s                 ; Yes                       ; Yes                       ;
; HEX5[2]  ; 3.3-V LVTTL  ; 0 s                 ; 0 s                 ; 3.08 V                       ; 1.66e-05 V                   ; 3.09 V              ; -0.0542 V           ; 0.04 V                               ; 0.089 V                              ; 5.35e-10 s                  ; 3.01e-10 s                  ; Yes                        ; Yes                        ; 3.08 V                      ; 1.66e-05 V                  ; 3.09 V             ; -0.0542 V          ; 0.04 V                              ; 0.089 V                             ; 5.35e-10 s                 ; 3.01e-10 s                 ; Yes                       ; Yes                       ;
; HEX5[3]  ; 3.3-V LVTTL  ; 0 s                 ; 0 s                 ; 3.08 V                       ; 1.66e-05 V                   ; 3.09 V              ; -0.0542 V           ; 0.04 V                               ; 0.089 V                              ; 5.35e-10 s                  ; 3.01e-10 s                  ; Yes                        ; Yes                        ; 3.08 V                      ; 1.66e-05 V                  ; 3.09 V             ; -0.0542 V          ; 0.04 V                              ; 0.089 V                             ; 5.35e-10 s                 ; 3.01e-10 s                 ; Yes                       ; Yes                       ;
; HEX5[4]  ; 3.3-V LVTTL  ; 0 s                 ; 0 s                 ; 3.08 V                       ; 2.02e-05 V                   ; 3.11 V              ; -0.117 V            ; 0.087 V                              ; 0.148 V                              ; 5.31e-10 s                  ; 3.14e-10 s                  ; Yes                        ; No                         ; 3.08 V                      ; 2.02e-05 V                  ; 3.11 V             ; -0.117 V           ; 0.087 V                             ; 0.148 V                             ; 5.31e-10 s                 ; 3.14e-10 s                 ; Yes                       ; No                        ;
; HEX5[5]  ; 3.3-V LVTTL  ; 0 s                 ; 0 s                 ; 3.08 V                       ; 2.02e-05 V                   ; 3.11 V              ; -0.117 V            ; 0.087 V                              ; 0.147 V                              ; 5.3e-10 s                   ; 3.14e-10 s                  ; Yes                        ; No                         ; 3.08 V                      ; 2.02e-05 V                  ; 3.11 V             ; -0.117 V           ; 0.087 V                             ; 0.147 V                             ; 5.3e-10 s                  ; 3.14e-10 s                 ; Yes                       ; No                        ;
; HEX5[6]  ; 3.3-V LVTTL  ; 0 s                 ; 0 s                 ; 3.08 V                       ; 2.1e-05 V                    ; 3.11 V              ; -0.0931 V           ; 0.115 V                              ; 0.142 V                              ; 5.74e-10 s                  ; 3.17e-10 s                  ; Yes                        ; Yes                        ; 3.08 V                      ; 2.1e-05 V                   ; 3.11 V             ; -0.0931 V          ; 0.115 V                             ; 0.142 V                             ; 5.74e-10 s                 ; 3.17e-10 s                 ; Yes                       ; Yes                       ;
; PS2_CLK  ; 3.3-V LVTTL  ; 0 s                 ; 0 s                 ; 3.08 V                       ; 2.1e-05 V                    ; 3.11 V              ; -0.0931 V           ; 0.115 V                              ; 0.142 V                              ; 5.74e-10 s                  ; 3.17e-10 s                  ; Yes                        ; Yes                        ; 3.08 V                      ; 2.1e-05 V                   ; 3.11 V             ; -0.0931 V          ; 0.115 V                             ; 0.142 V                             ; 5.74e-10 s                 ; 3.17e-10 s                 ; Yes                       ; Yes                       ;
; PS2_DAT  ; 3.3-V LVTTL  ; 0 s                 ; 0 s                 ; 3.08 V                       ; 2.1e-05 V                    ; 3.11 V              ; -0.0931 V           ; 0.115 V                              ; 0.142 V                              ; 5.74e-10 s                  ; 3.17e-10 s                  ; Yes                        ; Yes                        ; 3.08 V                      ; 2.1e-05 V                   ; 3.11 V             ; -0.0931 V          ; 0.115 V                             ; 0.142 V                             ; 5.74e-10 s                 ; 3.17e-10 s                 ; Yes                       ; Yes                       ;
+----------+--------------+---------------------+---------------------+------------------------------+------------------------------+---------------------+---------------------+--------------------------------------+--------------------------------------+-----------------------------+-----------------------------+----------------------------+----------------------------+-----------------------------+-----------------------------+--------------------+--------------------+-------------------------------------+-------------------------------------+----------------------------+----------------------------+---------------------------+---------------------------+


+---------------------------------------------------------------------------------------------------------------------------------------------------------------------------------------------------------------------------------------------------------------------------------------------------------------------------------------------------------------------------------------------------------------------------------------------------------------------------------------------------------------------------------------------------------------------------------------------------------------------------------------------------------------------------------------+
; Signal Integrity Metrics (Fast 1100mv 0c Model)                                                                                                                                                                                                                                                                                                                                                                                                                                                                                                                                                                                                                                       ;
+----------+--------------+---------------------+---------------------+------------------------------+------------------------------+---------------------+---------------------+--------------------------------------+--------------------------------------+-----------------------------+-----------------------------+----------------------------+----------------------------+-----------------------------+-----------------------------+--------------------+--------------------+-------------------------------------+-------------------------------------+----------------------------+----------------------------+---------------------------+---------------------------+
; Pin      ; I/O Standard ; Board Delay on Rise ; Board Delay on Fall ; Steady State Voh at FPGA Pin ; Steady State Vol at FPGA Pin ; Voh Max at FPGA Pin ; Vol Min at FPGA Pin ; Ringback Voltage on Rise at FPGA Pin ; Ringback Voltage on Fall at FPGA Pin ; 10-90 Rise Time at FPGA Pin ; 90-10 Fall Time at FPGA Pin ; Monotonic Rise at FPGA Pin ; Monotonic Fall at FPGA Pin ; Steady State Voh at Far-end ; Steady State Vol at Far-end ; Voh Max at Far-end ; Vol Min at Far-end ; Ringback Voltage on Rise at Far-end ; Ringback Voltage on Fall at Far-end ; 10-90 Rise Time at Far-end ; 90-10 Fall Time at Far-end ; Monotonic Rise at Far-end ; Monotonic Fall at Far-end ;
+----------+--------------+---------------------+---------------------+------------------------------+------------------------------+---------------------+---------------------+--------------------------------------+--------------------------------------+-----------------------------+-----------------------------+----------------------------+----------------------------+-----------------------------+-----------------------------+--------------------+--------------------+-------------------------------------+-------------------------------------+----------------------------+----------------------------+---------------------------+---------------------------+
; VGA_R[0] ; 3.3-V LVTTL  ; 0 s                 ; 0 s                 ; 3.63 V                       ; 4.72e-06 V                   ; 3.7 V               ; -0.49 V             ; 0.117 V                              ; 0.621 V                              ; 3.84e-10 s                  ; 1.48e-10 s                  ; Yes                        ; No                         ; 3.63 V                      ; 4.72e-06 V                  ; 3.7 V              ; -0.49 V            ; 0.117 V                             ; 0.621 V                             ; 3.84e-10 s                 ; 1.48e-10 s                 ; Yes                       ; No                        ;
; VGA_R[1] ; 3.3-V LVTTL  ; 0 s                 ; 0 s                 ; 3.63 V                       ; 4.94e-06 V                   ; 3.69 V              ; -0.414 V            ; 0.134 V                              ; 0.585 V                              ; 4.19e-10 s                  ; 1.53e-10 s                  ; Yes                        ; No                         ; 3.63 V                      ; 4.94e-06 V                  ; 3.69 V             ; -0.414 V           ; 0.134 V                             ; 0.585 V                             ; 4.19e-10 s                 ; 1.53e-10 s                 ; Yes                       ; No                        ;
; VGA_R[2] ; 3.3-V LVTTL  ; 0 s                 ; 0 s                 ; 3.63 V                       ; 3.63e-06 V                   ; 3.64 V              ; -0.326 V            ; 0.091 V                              ; 0.479 V                              ; 3.83e-10 s                  ; 1.5e-10 s                   ; Yes                        ; No                         ; 3.63 V                      ; 3.63e-06 V                  ; 3.64 V             ; -0.326 V           ; 0.091 V                             ; 0.479 V                             ; 3.83e-10 s                 ; 1.5e-10 s                  ; Yes                       ; No                        ;
; VGA_R[3] ; 3.3-V LVTTL  ; 0 s                 ; 0 s                 ; 3.63 V                       ; 4.72e-06 V                   ; 3.7 V               ; -0.49 V             ; 0.117 V                              ; 0.622 V                              ; 3.84e-10 s                  ; 1.48e-10 s                  ; Yes                        ; No                         ; 3.63 V                      ; 4.72e-06 V                  ; 3.7 V              ; -0.49 V            ; 0.117 V                             ; 0.622 V                             ; 3.84e-10 s                 ; 1.48e-10 s                 ; Yes                       ; No                        ;
; VGA_G[0] ; 3.3-V LVTTL  ; 0 s                 ; 0 s                 ; 3.63 V                       ; 4.72e-06 V                   ; 3.7 V               ; -0.49 V             ; 0.117 V                              ; 0.622 V                              ; 3.84e-10 s                  ; 1.48e-10 s                  ; Yes                        ; No                         ; 3.63 V                      ; 4.72e-06 V                  ; 3.7 V              ; -0.49 V            ; 0.117 V                             ; 0.622 V                             ; 3.84e-10 s                 ; 1.48e-10 s                 ; Yes                       ; No                        ;
; VGA_G[1] ; 3.3-V LVTTL  ; 0 s                 ; 0 s                 ; 3.63 V                       ; 4.72e-06 V                   ; 3.7 V               ; -0.49 V             ; 0.117 V                              ; 0.621 V                              ; 3.84e-10 s                  ; 1.48e-10 s                  ; Yes                        ; No                         ; 3.63 V                      ; 4.72e-06 V                  ; 3.7 V              ; -0.49 V            ; 0.117 V                             ; 0.621 V                             ; 3.84e-10 s                 ; 1.48e-10 s                 ; Yes                       ; No                        ;
; VGA_G[2] ; 3.3-V LVTTL  ; 0 s                 ; 0 s                 ; 3.63 V                       ; 4.94e-06 V                   ; 3.69 V              ; -0.414 V            ; 0.134 V                              ; 0.585 V                              ; 4.19e-10 s                  ; 1.53e-10 s                  ; Yes                        ; No                         ; 3.63 V                      ; 4.94e-06 V                  ; 3.69 V             ; -0.414 V           ; 0.134 V                             ; 0.585 V                             ; 4.19e-10 s                 ; 1.53e-10 s                 ; Yes                       ; No                        ;
; VGA_G[3] ; 3.3-V LVTTL  ; 0 s                 ; 0 s                 ; 3.63 V                       ; 3.63e-06 V                   ; 3.64 V              ; -0.326 V            ; 0.091 V                              ; 0.479 V                              ; 3.83e-10 s                  ; 1.5e-10 s                   ; Yes                        ; No                         ; 3.63 V                      ; 3.63e-06 V                  ; 3.64 V             ; -0.326 V           ; 0.091 V                             ; 0.479 V                             ; 3.83e-10 s                 ; 1.5e-10 s                  ; Yes                       ; No                        ;
; VGA_B[0] ; 3.3-V LVTTL  ; 0 s                 ; 0 s                 ; 3.63 V                       ; 4.72e-06 V                   ; 3.7 V               ; -0.49 V             ; 0.117 V                              ; 0.622 V                              ; 3.84e-10 s                  ; 1.48e-10 s                  ; Yes                        ; No                         ; 3.63 V                      ; 4.72e-06 V                  ; 3.7 V              ; -0.49 V            ; 0.117 V                             ; 0.622 V                             ; 3.84e-10 s                 ; 1.48e-10 s                 ; Yes                       ; No                        ;
; VGA_B[1] ; 3.3-V LVTTL  ; 0 s                 ; 0 s                 ; 3.63 V                       ; 4.72e-06 V                   ; 3.7 V               ; -0.49 V             ; 0.117 V                              ; 0.621 V                              ; 3.84e-10 s                  ; 1.48e-10 s                  ; Yes                        ; No                         ; 3.63 V                      ; 4.72e-06 V                  ; 3.7 V              ; -0.49 V            ; 0.117 V                             ; 0.621 V                             ; 3.84e-10 s                 ; 1.48e-10 s                 ; Yes                       ; No                        ;
; VGA_B[2] ; 3.3-V LVTTL  ; 0 s                 ; 0 s                 ; 3.63 V                       ; 4.94e-06 V                   ; 3.69 V              ; -0.414 V            ; 0.134 V                              ; 0.585 V                              ; 4.19e-10 s                  ; 1.53e-10 s                  ; Yes                        ; No                         ; 3.63 V                      ; 4.94e-06 V                  ; 3.69 V             ; -0.414 V           ; 0.134 V                             ; 0.585 V                             ; 4.19e-10 s                 ; 1.53e-10 s                 ; Yes                       ; No                        ;
; VGA_B[3] ; 3.3-V LVTTL  ; 0 s                 ; 0 s                 ; 3.63 V                       ; 3.63e-06 V                   ; 3.64 V              ; -0.326 V            ; 0.091 V                              ; 0.479 V                              ; 3.83e-10 s                  ; 1.5e-10 s                   ; Yes                        ; No                         ; 3.63 V                      ; 3.63e-06 V                  ; 3.64 V             ; -0.326 V           ; 0.091 V                             ; 0.479 V                             ; 3.83e-10 s                 ; 1.5e-10 s                  ; Yes                       ; No                        ;
; VGA_HS   ; 3.3-V LVTTL  ; 0 s                 ; 0 s                 ; 3.63 V                       ; 4.72e-06 V                   ; 3.7 V               ; -0.49 V             ; 0.117 V                              ; 0.622 V                              ; 3.84e-10 s                  ; 1.48e-10 s                  ; Yes                        ; No                         ; 3.63 V                      ; 4.72e-06 V                  ; 3.7 V              ; -0.49 V            ; 0.117 V                             ; 0.622 V                             ; 3.84e-10 s                 ; 1.48e-10 s                 ; Yes                       ; No                        ;
; VGA_VS   ; 3.3-V LVTTL  ; 0 s                 ; 0 s                 ; 3.63 V                       ; 4.72e-06 V                   ; 3.7 V               ; -0.49 V             ; 0.117 V                              ; 0.621 V                              ; 3.84e-10 s                  ; 1.48e-10 s                  ; Yes                        ; No                         ; 3.63 V                      ; 4.72e-06 V                  ; 3.7 V              ; -0.49 V            ; 0.117 V                             ; 0.621 V                             ; 3.84e-10 s                 ; 1.48e-10 s                 ; Yes                       ; No                        ;
; LEDR0    ; 3.3-V LVTTL  ; 0 s                 ; 0 s                 ; 3.63 V                       ; 4.72e-06 V                   ; 3.7 V               ; -0.49 V             ; 0.117 V                              ; 0.622 V                              ; 3.84e-10 s                  ; 1.48e-10 s                  ; Yes                        ; No                         ; 3.63 V                      ; 4.72e-06 V                  ; 3.7 V              ; -0.49 V            ; 0.117 V                             ; 0.622 V                             ; 3.84e-10 s                 ; 1.48e-10 s                 ; Yes                       ; No                        ;
; HEX0[0]  ; 3.3-V LVTTL  ; 0 s                 ; 0 s                 ; 3.63 V                       ; 4.72e-06 V                   ; 3.7 V               ; -0.49 V             ; 0.117 V                              ; 0.621 V                              ; 3.84e-10 s                  ; 1.48e-10 s                  ; Yes                        ; No                         ; 3.63 V                      ; 4.72e-06 V                  ; 3.7 V              ; -0.49 V            ; 0.117 V                             ; 0.621 V                             ; 3.84e-10 s                 ; 1.48e-10 s                 ; Yes                       ; No                        ;
; HEX0[1]  ; 3.3-V LVTTL  ; 0 s                 ; 0 s                 ; 3.63 V                       ; 4.72e-06 V                   ; 3.7 V               ; -0.49 V             ; 0.117 V                              ; 0.622 V                              ; 3.84e-10 s                  ; 1.48e-10 s                  ; Yes                        ; No                         ; 3.63 V                      ; 4.72e-06 V                  ; 3.7 V              ; -0.49 V            ; 0.117 V                             ; 0.622 V                             ; 3.84e-10 s                 ; 1.48e-10 s                 ; Yes                       ; No                        ;
; HEX0[2]  ; 3.3-V LVTTL  ; 0 s                 ; 0 s                 ; 3.63 V                       ; 4.72e-06 V                   ; 3.7 V               ; -0.49 V             ; 0.117 V                              ; 0.622 V                              ; 3.84e-10 s                  ; 1.48e-10 s                  ; Yes                        ; No                         ; 3.63 V                      ; 4.72e-06 V                  ; 3.7 V              ; -0.49 V            ; 0.117 V                             ; 0.622 V                             ; 3.84e-10 s                 ; 1.48e-10 s                 ; Yes                       ; No                        ;
; HEX0[3]  ; 3.3-V LVTTL  ; 0 s                 ; 0 s                 ; 3.63 V                       ; 4.72e-06 V                   ; 3.7 V               ; -0.49 V             ; 0.117 V                              ; 0.622 V                              ; 3.84e-10 s                  ; 1.48e-10 s                  ; Yes                        ; No                         ; 3.63 V                      ; 4.72e-06 V                  ; 3.7 V              ; -0.49 V            ; 0.117 V                             ; 0.622 V                             ; 3.84e-10 s                 ; 1.48e-10 s                 ; Yes                       ; No                        ;
; HEX0[4]  ; 3.3-V LVTTL  ; 0 s                 ; 0 s                 ; 3.63 V                       ; 4.72e-06 V                   ; 3.7 V               ; -0.49 V             ; 0.117 V                              ; 0.621 V                              ; 3.84e-10 s                  ; 1.48e-10 s                  ; Yes                        ; No                         ; 3.63 V                      ; 4.72e-06 V                  ; 3.7 V              ; -0.49 V            ; 0.117 V                             ; 0.621 V                             ; 3.84e-10 s                 ; 1.48e-10 s                 ; Yes                       ; No                        ;
; HEX0[5]  ; 3.3-V LVTTL  ; 0 s                 ; 0 s                 ; 3.63 V                       ; 4.72e-06 V                   ; 3.7 V               ; -0.49 V             ; 0.117 V                              ; 0.621 V                              ; 3.84e-10 s                  ; 1.48e-10 s                  ; Yes                        ; No                         ; 3.63 V                      ; 4.72e-06 V                  ; 3.7 V              ; -0.49 V            ; 0.117 V                             ; 0.621 V                             ; 3.84e-10 s                 ; 1.48e-10 s                 ; Yes                       ; No                        ;
; HEX0[6]  ; 3.3-V LVTTL  ; 0 s                 ; 0 s                 ; 3.63 V                       ; 4.72e-06 V                   ; 3.7 V               ; -0.49 V             ; 0.117 V                              ; 0.622 V                              ; 3.84e-10 s                  ; 1.48e-10 s                  ; Yes                        ; No                         ; 3.63 V                      ; 4.72e-06 V                  ; 3.7 V              ; -0.49 V            ; 0.117 V                             ; 0.622 V                             ; 3.84e-10 s                 ; 1.48e-10 s                 ; Yes                       ; No                        ;
; HEX1[0]  ; 3.3-V LVTTL  ; 0 s                 ; 0 s                 ; 3.63 V                       ; 4.72e-06 V                   ; 3.7 V               ; -0.49 V             ; 0.117 V                              ; 0.622 V                              ; 3.84e-10 s                  ; 1.48e-10 s                  ; Yes                        ; No                         ; 3.63 V                      ; 4.72e-06 V                  ; 3.7 V              ; -0.49 V            ; 0.117 V                             ; 0.622 V                             ; 3.84e-10 s                 ; 1.48e-10 s                 ; Yes                       ; No                        ;
; HEX1[1]  ; 3.3-V LVTTL  ; 0 s                 ; 0 s                 ; 3.63 V                       ; 4.72e-06 V                   ; 3.7 V               ; -0.49 V             ; 0.117 V                              ; 0.621 V                              ; 3.84e-10 s                  ; 1.48e-10 s                  ; Yes                        ; No                         ; 3.63 V                      ; 4.72e-06 V                  ; 3.7 V              ; -0.49 V            ; 0.117 V                             ; 0.621 V                             ; 3.84e-10 s                 ; 1.48e-10 s                 ; Yes                       ; No                        ;
; HEX1[2]  ; 3.3-V LVTTL  ; 0 s                 ; 0 s                 ; 3.63 V                       ; 4.72e-06 V                   ; 3.7 V               ; -0.49 V             ; 0.117 V                              ; 0.621 V                              ; 3.84e-10 s                  ; 1.48e-10 s                  ; Yes                        ; No                         ; 3.63 V                      ; 4.72e-06 V                  ; 3.7 V              ; -0.49 V            ; 0.117 V                             ; 0.621 V                             ; 3.84e-10 s                 ; 1.48e-10 s                 ; Yes                       ; No                        ;
; HEX1[3]  ; 3.3-V LVTTL  ; 0 s                 ; 0 s                 ; 3.63 V                       ; 4.72e-06 V                   ; 3.7 V               ; -0.49 V             ; 0.117 V                              ; 0.622 V                              ; 3.84e-10 s                  ; 1.48e-10 s                  ; Yes                        ; No                         ; 3.63 V                      ; 4.72e-06 V                  ; 3.7 V              ; -0.49 V            ; 0.117 V                             ; 0.622 V                             ; 3.84e-10 s                 ; 1.48e-10 s                 ; Yes                       ; No                        ;
; HEX1[4]  ; 3.3-V LVTTL  ; 0 s                 ; 0 s                 ; 3.63 V                       ; 4.72e-06 V                   ; 3.7 V               ; -0.49 V             ; 0.117 V                              ; 0.622 V                              ; 3.84e-10 s                  ; 1.48e-10 s                  ; Yes                        ; No                         ; 3.63 V                      ; 4.72e-06 V                  ; 3.7 V              ; -0.49 V            ; 0.117 V                             ; 0.622 V                             ; 3.84e-10 s                 ; 1.48e-10 s                 ; Yes                       ; No                        ;
; HEX1[5]  ; 3.3-V LVTTL  ; 0 s                 ; 0 s                 ; 3.63 V                       ; 4.72e-06 V                   ; 3.7 V               ; -0.49 V             ; 0.117 V                              ; 0.621 V                              ; 3.84e-10 s                  ; 1.48e-10 s                  ; Yes                        ; No                         ; 3.63 V                      ; 4.72e-06 V                  ; 3.7 V              ; -0.49 V            ; 0.117 V                             ; 0.621 V                             ; 3.84e-10 s                 ; 1.48e-10 s                 ; Yes                       ; No                        ;
; HEX1[6]  ; 3.3-V LVTTL  ; 0 s                 ; 0 s                 ; 3.63 V                       ; 4.72e-06 V                   ; 3.7 V               ; -0.49 V             ; 0.117 V                              ; 0.621 V                              ; 3.84e-10 s                  ; 1.48e-10 s                  ; Yes                        ; No                         ; 3.63 V                      ; 4.72e-06 V                  ; 3.7 V              ; -0.49 V            ; 0.117 V                             ; 0.621 V                             ; 3.84e-10 s                 ; 1.48e-10 s                 ; Yes                       ; No                        ;
; HEX2[0]  ; 3.3-V LVTTL  ; 0 s                 ; 0 s                 ; 3.63 V                       ; 4.94e-06 V                   ; 3.69 V              ; -0.414 V            ; 0.134 V                              ; 0.585 V                              ; 4.19e-10 s                  ; 1.53e-10 s                  ; Yes                        ; No                         ; 3.63 V                      ; 4.94e-06 V                  ; 3.69 V             ; -0.414 V           ; 0.134 V                             ; 0.585 V                             ; 4.19e-10 s                 ; 1.53e-10 s                 ; Yes                       ; No                        ;
; HEX2[1]  ; 3.3-V LVTTL  ; 0 s                 ; 0 s                 ; 3.63 V                       ; 4.72e-06 V                   ; 3.7 V               ; -0.49 V             ; 0.117 V                              ; 0.621 V                              ; 3.84e-10 s                  ; 1.48e-10 s                  ; Yes                        ; No                         ; 3.63 V                      ; 4.72e-06 V                  ; 3.7 V              ; -0.49 V            ; 0.117 V                             ; 0.621 V                             ; 3.84e-10 s                 ; 1.48e-10 s                 ; Yes                       ; No                        ;
; HEX2[2]  ; 3.3-V LVTTL  ; 0 s                 ; 0 s                 ; 3.63 V                       ; 4.72e-06 V                   ; 3.7 V               ; -0.49 V             ; 0.117 V                              ; 0.621 V                              ; 3.84e-10 s                  ; 1.48e-10 s                  ; Yes                        ; No                         ; 3.63 V                      ; 4.72e-06 V                  ; 3.7 V              ; -0.49 V            ; 0.117 V                             ; 0.621 V                             ; 3.84e-10 s                 ; 1.48e-10 s                 ; Yes                       ; No                        ;
; HEX2[3]  ; 3.3-V LVTTL  ; 0 s                 ; 0 s                 ; 3.63 V                       ; 3.63e-06 V                   ; 3.64 V              ; -0.326 V            ; 0.091 V                              ; 0.479 V                              ; 3.83e-10 s                  ; 1.5e-10 s                   ; Yes                        ; No                         ; 3.63 V                      ; 3.63e-06 V                  ; 3.64 V             ; -0.326 V           ; 0.091 V                             ; 0.479 V                             ; 3.83e-10 s                 ; 1.5e-10 s                  ; Yes                       ; No                        ;
; HEX2[4]  ; 3.3-V LVTTL  ; 0 s                 ; 0 s                 ; 3.63 V                       ; 3.63e-06 V                   ; 3.64 V              ; -0.326 V            ; 0.091 V                              ; 0.479 V                              ; 3.83e-10 s                  ; 1.5e-10 s                   ; Yes                        ; No                         ; 3.63 V                      ; 3.63e-06 V                  ; 3.64 V             ; -0.326 V           ; 0.091 V                             ; 0.479 V                             ; 3.83e-10 s                 ; 1.5e-10 s                  ; Yes                       ; No                        ;
; HEX2[5]  ; 3.3-V LVTTL  ; 0 s                 ; 0 s                 ; 3.63 V                       ; 4.72e-06 V                   ; 3.7 V               ; -0.49 V             ; 0.117 V                              ; 0.621 V                              ; 3.84e-10 s                  ; 1.48e-10 s                  ; Yes                        ; No                         ; 3.63 V                      ; 4.72e-06 V                  ; 3.7 V              ; -0.49 V            ; 0.117 V                             ; 0.621 V                             ; 3.84e-10 s                 ; 1.48e-10 s                 ; Yes                       ; No                        ;
; HEX2[6]  ; 3.3-V LVTTL  ; 0 s                 ; 0 s                 ; 3.63 V                       ; 4.72e-06 V                   ; 3.7 V               ; -0.49 V             ; 0.117 V                              ; 0.622 V                              ; 3.84e-10 s                  ; 1.48e-10 s                  ; Yes                        ; No                         ; 3.63 V                      ; 4.72e-06 V                  ; 3.7 V              ; -0.49 V            ; 0.117 V                             ; 0.622 V                             ; 3.84e-10 s                 ; 1.48e-10 s                 ; Yes                       ; No                        ;
; HEX3[0]  ; 3.3-V LVTTL  ; 0 s                 ; 0 s                 ; 3.63 V                       ; 3.63e-06 V                   ; 3.64 V              ; -0.326 V            ; 0.091 V                              ; 0.479 V                              ; 3.83e-10 s                  ; 1.5e-10 s                   ; Yes                        ; No                         ; 3.63 V                      ; 3.63e-06 V                  ; 3.64 V             ; -0.326 V           ; 0.091 V                             ; 0.479 V                             ; 3.83e-10 s                 ; 1.5e-10 s                  ; Yes                       ; No                        ;
; HEX3[1]  ; 3.3-V LVTTL  ; 0 s                 ; 0 s                 ; 3.63 V                       ; 4.94e-06 V                   ; 3.69 V              ; -0.414 V            ; 0.134 V                              ; 0.585 V                              ; 4.19e-10 s                  ; 1.53e-10 s                  ; Yes                        ; No                         ; 3.63 V                      ; 4.94e-06 V                  ; 3.69 V             ; -0.414 V           ; 0.134 V                             ; 0.585 V                             ; 4.19e-10 s                 ; 1.53e-10 s                 ; Yes                       ; No                        ;
; HEX3[2]  ; 3.3-V LVTTL  ; 0 s                 ; 0 s                 ; 3.63 V                       ; 4.94e-06 V                   ; 3.69 V              ; -0.414 V            ; 0.134 V                              ; 0.585 V                              ; 4.19e-10 s                  ; 1.53e-10 s                  ; Yes                        ; No                         ; 3.63 V                      ; 4.94e-06 V                  ; 3.69 V             ; -0.414 V           ; 0.134 V                             ; 0.585 V                             ; 4.19e-10 s                 ; 1.53e-10 s                 ; Yes                       ; No                        ;
; HEX3[3]  ; 3.3-V LVTTL  ; 0 s                 ; 0 s                 ; 3.63 V                       ; 3.63e-06 V                   ; 3.64 V              ; -0.326 V            ; 0.091 V                              ; 0.479 V                              ; 3.83e-10 s                  ; 1.5e-10 s                   ; Yes                        ; No                         ; 3.63 V                      ; 3.63e-06 V                  ; 3.64 V             ; -0.326 V           ; 0.091 V                             ; 0.479 V                             ; 3.83e-10 s                 ; 1.5e-10 s                  ; Yes                       ; No                        ;
; HEX3[4]  ; 3.3-V LVTTL  ; 0 s                 ; 0 s                 ; 3.63 V                       ; 4.94e-06 V                   ; 3.69 V              ; -0.414 V            ; 0.134 V                              ; 0.585 V                              ; 4.19e-10 s                  ; 1.53e-10 s                  ; Yes                        ; No                         ; 3.63 V                      ; 4.94e-06 V                  ; 3.69 V             ; -0.414 V           ; 0.134 V                             ; 0.585 V                             ; 4.19e-10 s                 ; 1.53e-10 s                 ; Yes                       ; No                        ;
; HEX3[5]  ; 3.3-V LVTTL  ; 0 s                 ; 0 s                 ; 3.63 V                       ; 4.94e-06 V                   ; 3.69 V              ; -0.414 V            ; 0.134 V                              ; 0.585 V                              ; 4.19e-10 s                  ; 1.53e-10 s                  ; Yes                        ; No                         ; 3.63 V                      ; 4.94e-06 V                  ; 3.69 V             ; -0.414 V           ; 0.134 V                             ; 0.585 V                             ; 4.19e-10 s                 ; 1.53e-10 s                 ; Yes                       ; No                        ;
; HEX3[6]  ; 3.3-V LVTTL  ; 0 s                 ; 0 s                 ; 3.63 V                       ; 3.63e-06 V                   ; 3.64 V              ; -0.326 V            ; 0.091 V                              ; 0.479 V                              ; 3.83e-10 s                  ; 1.5e-10 s                   ; Yes                        ; No                         ; 3.63 V                      ; 3.63e-06 V                  ; 3.64 V             ; -0.326 V           ; 0.091 V                             ; 0.479 V                             ; 3.83e-10 s                 ; 1.5e-10 s                  ; Yes                       ; No                        ;
; HEX4[0]  ; 3.3-V LVTTL  ; 0 s                 ; 0 s                 ; 3.63 V                       ; 4.72e-06 V                   ; 3.7 V               ; -0.49 V             ; 0.117 V                              ; 0.622 V                              ; 3.84e-10 s                  ; 1.48e-10 s                  ; Yes                        ; No                         ; 3.63 V                      ; 4.72e-06 V                  ; 3.7 V              ; -0.49 V            ; 0.117 V                             ; 0.622 V                             ; 3.84e-10 s                 ; 1.48e-10 s                 ; Yes                       ; No                        ;
; HEX4[1]  ; 3.3-V LVTTL  ; 0 s                 ; 0 s                 ; 3.63 V                       ; 3.63e-06 V                   ; 3.64 V              ; -0.326 V            ; 0.091 V                              ; 0.479 V                              ; 3.83e-10 s                  ; 1.5e-10 s                   ; Yes                        ; No                         ; 3.63 V                      ; 3.63e-06 V                  ; 3.64 V             ; -0.326 V           ; 0.091 V                             ; 0.479 V                             ; 3.83e-10 s                 ; 1.5e-10 s                  ; Yes                       ; No                        ;
; HEX4[2]  ; 3.3-V LVTTL  ; 0 s                 ; 0 s                 ; 3.63 V                       ; 3.63e-06 V                   ; 3.64 V              ; -0.326 V            ; 0.091 V                              ; 0.479 V                              ; 3.83e-10 s                  ; 1.5e-10 s                   ; Yes                        ; No                         ; 3.63 V                      ; 3.63e-06 V                  ; 3.64 V             ; -0.326 V           ; 0.091 V                             ; 0.479 V                             ; 3.83e-10 s                 ; 1.5e-10 s                  ; Yes                       ; No                        ;
; HEX4[3]  ; 3.3-V LVTTL  ; 0 s                 ; 0 s                 ; 3.63 V                       ; 3.63e-06 V                   ; 3.64 V              ; -0.326 V            ; 0.091 V                              ; 0.479 V                              ; 3.83e-10 s                  ; 1.5e-10 s                   ; Yes                        ; No                         ; 3.63 V                      ; 3.63e-06 V                  ; 3.64 V             ; -0.326 V           ; 0.091 V                             ; 0.479 V                             ; 3.83e-10 s                 ; 1.5e-10 s                  ; Yes                       ; No                        ;
; HEX4[4]  ; 3.3-V LVTTL  ; 0 s                 ; 0 s                 ; 3.63 V                       ; 4.94e-06 V                   ; 3.69 V              ; -0.414 V            ; 0.134 V                              ; 0.585 V                              ; 4.19e-10 s                  ; 1.53e-10 s                  ; Yes                        ; No                         ; 3.63 V                      ; 4.94e-06 V                  ; 3.69 V             ; -0.414 V           ; 0.134 V                             ; 0.585 V                             ; 4.19e-10 s                 ; 1.53e-10 s                 ; Yes                       ; No                        ;
; HEX4[5]  ; 3.3-V LVTTL  ; 0 s                 ; 0 s                 ; 3.63 V                       ; 4.94e-06 V                   ; 3.69 V              ; -0.414 V            ; 0.134 V                              ; 0.585 V                              ; 4.19e-10 s                  ; 1.53e-10 s                  ; Yes                        ; No                         ; 3.63 V                      ; 4.94e-06 V                  ; 3.69 V             ; -0.414 V           ; 0.134 V                             ; 0.585 V                             ; 4.19e-10 s                 ; 1.53e-10 s                 ; Yes                       ; No                        ;
; HEX4[6]  ; 3.3-V LVTTL  ; 0 s                 ; 0 s                 ; 3.63 V                       ; 3.63e-06 V                   ; 3.64 V              ; -0.326 V            ; 0.091 V                              ; 0.479 V                              ; 3.83e-10 s                  ; 1.5e-10 s                   ; Yes                        ; No                         ; 3.63 V                      ; 3.63e-06 V                  ; 3.64 V             ; -0.326 V           ; 0.091 V                             ; 0.479 V                             ; 3.83e-10 s                 ; 1.5e-10 s                  ; Yes                       ; No                        ;
; HEX5[0]  ; 3.3-V LVTTL  ; 0 s                 ; 0 s                 ; 3.63 V                       ; 4.94e-06 V                   ; 3.69 V              ; -0.414 V            ; 0.134 V                              ; 0.585 V                              ; 4.19e-10 s                  ; 1.53e-10 s                  ; Yes                        ; No                         ; 3.63 V                      ; 4.94e-06 V                  ; 3.69 V             ; -0.414 V           ; 0.134 V                             ; 0.585 V                             ; 4.19e-10 s                 ; 1.53e-10 s                 ; Yes                       ; No                        ;
; HEX5[1]  ; 3.3-V LVTTL  ; 0 s                 ; 0 s                 ; 3.63 V                       ; 3.63e-06 V                   ; 3.64 V              ; -0.326 V            ; 0.091 V                              ; 0.479 V                              ; 3.83e-10 s                  ; 1.5e-10 s                   ; Yes                        ; No                         ; 3.63 V                      ; 3.63e-06 V                  ; 3.64 V             ; -0.326 V           ; 0.091 V                             ; 0.479 V                             ; 3.83e-10 s                 ; 1.5e-10 s                  ; Yes                       ; No                        ;
; HEX5[2]  ; 3.3-V LVTTL  ; 0 s                 ; 0 s                 ; 3.63 V                       ; 3.63e-06 V                   ; 3.64 V              ; -0.326 V            ; 0.091 V                              ; 0.479 V                              ; 3.83e-10 s                  ; 1.5e-10 s                   ; Yes                        ; No                         ; 3.63 V                      ; 3.63e-06 V                  ; 3.64 V             ; -0.326 V           ; 0.091 V                             ; 0.479 V                             ; 3.83e-10 s                 ; 1.5e-10 s                  ; Yes                       ; No                        ;
; HEX5[3]  ; 3.3-V LVTTL  ; 0 s                 ; 0 s                 ; 3.63 V                       ; 3.63e-06 V                   ; 3.64 V              ; -0.326 V            ; 0.091 V                              ; 0.479 V                              ; 3.83e-10 s                  ; 1.5e-10 s                   ; Yes                        ; No                         ; 3.63 V                      ; 3.63e-06 V                  ; 3.64 V             ; -0.326 V           ; 0.091 V                             ; 0.479 V                             ; 3.83e-10 s                 ; 1.5e-10 s                  ; Yes                       ; No                        ;
; HEX5[4]  ; 3.3-V LVTTL  ; 0 s                 ; 0 s                 ; 3.63 V                       ; 4.72e-06 V                   ; 3.7 V               ; -0.49 V             ; 0.117 V                              ; 0.621 V                              ; 3.84e-10 s                  ; 1.48e-10 s                  ; Yes                        ; No                         ; 3.63 V                      ; 4.72e-06 V                  ; 3.7 V              ; -0.49 V            ; 0.117 V                             ; 0.621 V                             ; 3.84e-10 s                 ; 1.48e-10 s                 ; Yes                       ; No                        ;
; HEX5[5]  ; 3.3-V LVTTL  ; 0 s                 ; 0 s                 ; 3.63 V                       ; 4.72e-06 V                   ; 3.7 V               ; -0.49 V             ; 0.117 V                              ; 0.622 V                              ; 3.84e-10 s                  ; 1.48e-10 s                  ; Yes                        ; No                         ; 3.63 V                      ; 4.72e-06 V                  ; 3.7 V              ; -0.49 V            ; 0.117 V                             ; 0.622 V                             ; 3.84e-10 s                 ; 1.48e-10 s                 ; Yes                       ; No                        ;
; HEX5[6]  ; 3.3-V LVTTL  ; 0 s                 ; 0 s                 ; 3.63 V                       ; 4.94e-06 V                   ; 3.69 V              ; -0.414 V            ; 0.134 V                              ; 0.585 V                              ; 4.19e-10 s                  ; 1.53e-10 s                  ; Yes                        ; No                         ; 3.63 V                      ; 4.94e-06 V                  ; 3.69 V             ; -0.414 V           ; 0.134 V                             ; 0.585 V                             ; 4.19e-10 s                 ; 1.53e-10 s                 ; Yes                       ; No                        ;
; PS2_CLK  ; 3.3-V LVTTL  ; 0 s                 ; 0 s                 ; 3.63 V                       ; 4.94e-06 V                   ; 3.69 V              ; -0.414 V            ; 0.134 V                              ; 0.585 V                              ; 4.19e-10 s                  ; 1.53e-10 s                  ; Yes                        ; No                         ; 3.63 V                      ; 4.94e-06 V                  ; 3.69 V             ; -0.414 V           ; 0.134 V                             ; 0.585 V                             ; 4.19e-10 s                 ; 1.53e-10 s                 ; Yes                       ; No                        ;
; PS2_DAT  ; 3.3-V LVTTL  ; 0 s                 ; 0 s                 ; 3.63 V                       ; 4.94e-06 V                   ; 3.69 V              ; -0.414 V            ; 0.134 V                              ; 0.585 V                              ; 4.19e-10 s                  ; 1.53e-10 s                  ; Yes                        ; No                         ; 3.63 V                      ; 4.94e-06 V                  ; 3.69 V             ; -0.414 V           ; 0.134 V                             ; 0.585 V                             ; 4.19e-10 s                 ; 1.53e-10 s                 ; Yes                       ; No                        ;
+----------+--------------+---------------------+---------------------+------------------------------+------------------------------+---------------------+---------------------+--------------------------------------+--------------------------------------+-----------------------------+-----------------------------+----------------------------+----------------------------+-----------------------------+-----------------------------+--------------------+--------------------+-------------------------------------+-------------------------------------+----------------------------+----------------------------+---------------------------+---------------------------+


+---------------------------------------------------------------------------------------------------------------------------------------------------------------------------------------------------------------------------------------------------------------------------------------------------------------------------------------------------------------------------------------------------------------------------------------------------------------------------------------------------------------------------------------------------------------------------------------------------------------------------------------------------------------------------------------+
; Signal Integrity Metrics (Fast 1100mv 85c Model)                                                                                                                                                                                                                                                                                                                                                                                                                                                                                                                                                                                                                                      ;
+----------+--------------+---------------------+---------------------+------------------------------+------------------------------+---------------------+---------------------+--------------------------------------+--------------------------------------+-----------------------------+-----------------------------+----------------------------+----------------------------+-----------------------------+-----------------------------+--------------------+--------------------+-------------------------------------+-------------------------------------+----------------------------+----------------------------+---------------------------+---------------------------+
; Pin      ; I/O Standard ; Board Delay on Rise ; Board Delay on Fall ; Steady State Voh at FPGA Pin ; Steady State Vol at FPGA Pin ; Voh Max at FPGA Pin ; Vol Min at FPGA Pin ; Ringback Voltage on Rise at FPGA Pin ; Ringback Voltage on Fall at FPGA Pin ; 10-90 Rise Time at FPGA Pin ; 90-10 Fall Time at FPGA Pin ; Monotonic Rise at FPGA Pin ; Monotonic Fall at FPGA Pin ; Steady State Voh at Far-end ; Steady State Vol at Far-end ; Voh Max at Far-end ; Vol Min at Far-end ; Ringback Voltage on Rise at Far-end ; Ringback Voltage on Fall at Far-end ; 10-90 Rise Time at Far-end ; 90-10 Fall Time at Far-end ; Monotonic Rise at Far-end ; Monotonic Fall at Far-end ;
+----------+--------------+---------------------+---------------------+------------------------------+------------------------------+---------------------+---------------------+--------------------------------------+--------------------------------------+-----------------------------+-----------------------------+----------------------------+----------------------------+-----------------------------+-----------------------------+--------------------+--------------------+-------------------------------------+-------------------------------------+----------------------------+----------------------------+---------------------------+---------------------------+
; VGA_R[0] ; 3.3-V LVTTL  ; 0 s                 ; 0 s                 ; 3.63 V                       ; 0.000229 V                   ; 3.65 V              ; -0.319 V            ; 0.041 V                              ; 0.528 V                              ; 4.29e-10 s                  ; 1.87e-10 s                  ; Yes                        ; No                         ; 3.63 V                      ; 0.000229 V                  ; 3.65 V             ; -0.319 V           ; 0.041 V                             ; 0.528 V                             ; 4.29e-10 s                 ; 1.87e-10 s                 ; Yes                       ; No                        ;
; VGA_R[1] ; 3.3-V LVTTL  ; 0 s                 ; 0 s                 ; 3.63 V                       ; 0.000238 V                   ; 3.64 V              ; -0.254 V            ; 0.052 V                              ; 0.543 V                              ; 4.59e-10 s                  ; 1.96e-10 s                  ; Yes                        ; No                         ; 3.63 V                      ; 0.000238 V                  ; 3.64 V             ; -0.254 V           ; 0.052 V                             ; 0.543 V                             ; 4.59e-10 s                 ; 1.96e-10 s                 ; Yes                       ; No                        ;
; VGA_R[2] ; 3.3-V LVTTL  ; 0 s                 ; 0 s                 ; 3.63 V                       ; 0.000184 V                   ; 3.64 V              ; -0.19 V             ; 0.019 V                              ; 0.425 V                              ; 4.44e-10 s                  ; 1.91e-10 s                  ; Yes                        ; No                         ; 3.63 V                      ; 0.000184 V                  ; 3.64 V             ; -0.19 V            ; 0.019 V                             ; 0.425 V                             ; 4.44e-10 s                 ; 1.91e-10 s                 ; Yes                       ; No                        ;
; VGA_R[3] ; 3.3-V LVTTL  ; 0 s                 ; 0 s                 ; 3.63 V                       ; 0.000229 V                   ; 3.65 V              ; -0.316 V            ; 0.041 V                              ; 0.53 V                               ; 4.29e-10 s                  ; 1.87e-10 s                  ; Yes                        ; No                         ; 3.63 V                      ; 0.000229 V                  ; 3.65 V             ; -0.316 V           ; 0.041 V                             ; 0.53 V                              ; 4.29e-10 s                 ; 1.87e-10 s                 ; Yes                       ; No                        ;
; VGA_G[0] ; 3.3-V LVTTL  ; 0 s                 ; 0 s                 ; 3.63 V                       ; 0.000229 V                   ; 3.65 V              ; -0.316 V            ; 0.041 V                              ; 0.53 V                               ; 4.29e-10 s                  ; 1.87e-10 s                  ; Yes                        ; No                         ; 3.63 V                      ; 0.000229 V                  ; 3.65 V             ; -0.316 V           ; 0.041 V                             ; 0.53 V                              ; 4.29e-10 s                 ; 1.87e-10 s                 ; Yes                       ; No                        ;
; VGA_G[1] ; 3.3-V LVTTL  ; 0 s                 ; 0 s                 ; 3.63 V                       ; 0.000229 V                   ; 3.65 V              ; -0.319 V            ; 0.041 V                              ; 0.528 V                              ; 4.29e-10 s                  ; 1.87e-10 s                  ; Yes                        ; No                         ; 3.63 V                      ; 0.000229 V                  ; 3.65 V             ; -0.319 V           ; 0.041 V                             ; 0.528 V                             ; 4.29e-10 s                 ; 1.87e-10 s                 ; Yes                       ; No                        ;
; VGA_G[2] ; 3.3-V LVTTL  ; 0 s                 ; 0 s                 ; 3.63 V                       ; 0.000238 V                   ; 3.64 V              ; -0.254 V            ; 0.052 V                              ; 0.543 V                              ; 4.59e-10 s                  ; 1.96e-10 s                  ; Yes                        ; No                         ; 3.63 V                      ; 0.000238 V                  ; 3.64 V             ; -0.254 V           ; 0.052 V                             ; 0.543 V                             ; 4.59e-10 s                 ; 1.96e-10 s                 ; Yes                       ; No                        ;
; VGA_G[3] ; 3.3-V LVTTL  ; 0 s                 ; 0 s                 ; 3.63 V                       ; 0.000184 V                   ; 3.64 V              ; -0.19 V             ; 0.019 V                              ; 0.425 V                              ; 4.44e-10 s                  ; 1.91e-10 s                  ; Yes                        ; No                         ; 3.63 V                      ; 0.000184 V                  ; 3.64 V             ; -0.19 V            ; 0.019 V                             ; 0.425 V                             ; 4.44e-10 s                 ; 1.91e-10 s                 ; Yes                       ; No                        ;
; VGA_B[0] ; 3.3-V LVTTL  ; 0 s                 ; 0 s                 ; 3.63 V                       ; 0.000229 V                   ; 3.65 V              ; -0.316 V            ; 0.041 V                              ; 0.53 V                               ; 4.29e-10 s                  ; 1.87e-10 s                  ; Yes                        ; No                         ; 3.63 V                      ; 0.000229 V                  ; 3.65 V             ; -0.316 V           ; 0.041 V                             ; 0.53 V                              ; 4.29e-10 s                 ; 1.87e-10 s                 ; Yes                       ; No                        ;
; VGA_B[1] ; 3.3-V LVTTL  ; 0 s                 ; 0 s                 ; 3.63 V                       ; 0.000229 V                   ; 3.65 V              ; -0.319 V            ; 0.041 V                              ; 0.528 V                              ; 4.29e-10 s                  ; 1.87e-10 s                  ; Yes                        ; No                         ; 3.63 V                      ; 0.000229 V                  ; 3.65 V             ; -0.319 V           ; 0.041 V                             ; 0.528 V                             ; 4.29e-10 s                 ; 1.87e-10 s                 ; Yes                       ; No                        ;
; VGA_B[2] ; 3.3-V LVTTL  ; 0 s                 ; 0 s                 ; 3.63 V                       ; 0.000238 V                   ; 3.64 V              ; -0.254 V            ; 0.052 V                              ; 0.543 V                              ; 4.59e-10 s                  ; 1.96e-10 s                  ; Yes                        ; No                         ; 3.63 V                      ; 0.000238 V                  ; 3.64 V             ; -0.254 V           ; 0.052 V                             ; 0.543 V                             ; 4.59e-10 s                 ; 1.96e-10 s                 ; Yes                       ; No                        ;
; VGA_B[3] ; 3.3-V LVTTL  ; 0 s                 ; 0 s                 ; 3.63 V                       ; 0.000184 V                   ; 3.64 V              ; -0.19 V             ; 0.019 V                              ; 0.425 V                              ; 4.44e-10 s                  ; 1.91e-10 s                  ; Yes                        ; No                         ; 3.63 V                      ; 0.000184 V                  ; 3.64 V             ; -0.19 V            ; 0.019 V                             ; 0.425 V                             ; 4.44e-10 s                 ; 1.91e-10 s                 ; Yes                       ; No                        ;
; VGA_HS   ; 3.3-V LVTTL  ; 0 s                 ; 0 s                 ; 3.63 V                       ; 0.000229 V                   ; 3.65 V              ; -0.316 V            ; 0.041 V                              ; 0.53 V                               ; 4.29e-10 s                  ; 1.87e-10 s                  ; Yes                        ; No                         ; 3.63 V                      ; 0.000229 V                  ; 3.65 V             ; -0.316 V           ; 0.041 V                             ; 0.53 V                              ; 4.29e-10 s                 ; 1.87e-10 s                 ; Yes                       ; No                        ;
; VGA_VS   ; 3.3-V LVTTL  ; 0 s                 ; 0 s                 ; 3.63 V                       ; 0.000229 V                   ; 3.65 V              ; -0.319 V            ; 0.041 V                              ; 0.528 V                              ; 4.29e-10 s                  ; 1.87e-10 s                  ; Yes                        ; No                         ; 3.63 V                      ; 0.000229 V                  ; 3.65 V             ; -0.319 V           ; 0.041 V                             ; 0.528 V                             ; 4.29e-10 s                 ; 1.87e-10 s                 ; Yes                       ; No                        ;
; LEDR0    ; 3.3-V LVTTL  ; 0 s                 ; 0 s                 ; 3.63 V                       ; 0.000229 V                   ; 3.65 V              ; -0.316 V            ; 0.041 V                              ; 0.53 V                               ; 4.29e-10 s                  ; 1.87e-10 s                  ; Yes                        ; No                         ; 3.63 V                      ; 0.000229 V                  ; 3.65 V             ; -0.316 V           ; 0.041 V                             ; 0.53 V                              ; 4.29e-10 s                 ; 1.87e-10 s                 ; Yes                       ; No                        ;
; HEX0[0]  ; 3.3-V LVTTL  ; 0 s                 ; 0 s                 ; 3.63 V                       ; 0.000229 V                   ; 3.65 V              ; -0.319 V            ; 0.041 V                              ; 0.528 V                              ; 4.29e-10 s                  ; 1.87e-10 s                  ; Yes                        ; No                         ; 3.63 V                      ; 0.000229 V                  ; 3.65 V             ; -0.319 V           ; 0.041 V                             ; 0.528 V                             ; 4.29e-10 s                 ; 1.87e-10 s                 ; Yes                       ; No                        ;
; HEX0[1]  ; 3.3-V LVTTL  ; 0 s                 ; 0 s                 ; 3.63 V                       ; 0.000229 V                   ; 3.65 V              ; -0.316 V            ; 0.041 V                              ; 0.53 V                               ; 4.29e-10 s                  ; 1.87e-10 s                  ; Yes                        ; No                         ; 3.63 V                      ; 0.000229 V                  ; 3.65 V             ; -0.316 V           ; 0.041 V                             ; 0.53 V                              ; 4.29e-10 s                 ; 1.87e-10 s                 ; Yes                       ; No                        ;
; HEX0[2]  ; 3.3-V LVTTL  ; 0 s                 ; 0 s                 ; 3.63 V                       ; 0.000229 V                   ; 3.65 V              ; -0.316 V            ; 0.041 V                              ; 0.53 V                               ; 4.29e-10 s                  ; 1.87e-10 s                  ; Yes                        ; No                         ; 3.63 V                      ; 0.000229 V                  ; 3.65 V             ; -0.316 V           ; 0.041 V                             ; 0.53 V                              ; 4.29e-10 s                 ; 1.87e-10 s                 ; Yes                       ; No                        ;
; HEX0[3]  ; 3.3-V LVTTL  ; 0 s                 ; 0 s                 ; 3.63 V                       ; 0.000229 V                   ; 3.65 V              ; -0.316 V            ; 0.041 V                              ; 0.53 V                               ; 4.29e-10 s                  ; 1.87e-10 s                  ; Yes                        ; No                         ; 3.63 V                      ; 0.000229 V                  ; 3.65 V             ; -0.316 V           ; 0.041 V                             ; 0.53 V                              ; 4.29e-10 s                 ; 1.87e-10 s                 ; Yes                       ; No                        ;
; HEX0[4]  ; 3.3-V LVTTL  ; 0 s                 ; 0 s                 ; 3.63 V                       ; 0.000229 V                   ; 3.65 V              ; -0.319 V            ; 0.041 V                              ; 0.528 V                              ; 4.29e-10 s                  ; 1.87e-10 s                  ; Yes                        ; No                         ; 3.63 V                      ; 0.000229 V                  ; 3.65 V             ; -0.319 V           ; 0.041 V                             ; 0.528 V                             ; 4.29e-10 s                 ; 1.87e-10 s                 ; Yes                       ; No                        ;
; HEX0[5]  ; 3.3-V LVTTL  ; 0 s                 ; 0 s                 ; 3.63 V                       ; 0.000229 V                   ; 3.65 V              ; -0.319 V            ; 0.041 V                              ; 0.528 V                              ; 4.29e-10 s                  ; 1.87e-10 s                  ; Yes                        ; No                         ; 3.63 V                      ; 0.000229 V                  ; 3.65 V             ; -0.319 V           ; 0.041 V                             ; 0.528 V                             ; 4.29e-10 s                 ; 1.87e-10 s                 ; Yes                       ; No                        ;
; HEX0[6]  ; 3.3-V LVTTL  ; 0 s                 ; 0 s                 ; 3.63 V                       ; 0.000229 V                   ; 3.65 V              ; -0.316 V            ; 0.041 V                              ; 0.53 V                               ; 4.29e-10 s                  ; 1.87e-10 s                  ; Yes                        ; No                         ; 3.63 V                      ; 0.000229 V                  ; 3.65 V             ; -0.316 V           ; 0.041 V                             ; 0.53 V                              ; 4.29e-10 s                 ; 1.87e-10 s                 ; Yes                       ; No                        ;
; HEX1[0]  ; 3.3-V LVTTL  ; 0 s                 ; 0 s                 ; 3.63 V                       ; 0.000229 V                   ; 3.65 V              ; -0.316 V            ; 0.041 V                              ; 0.53 V                               ; 4.29e-10 s                  ; 1.87e-10 s                  ; Yes                        ; No                         ; 3.63 V                      ; 0.000229 V                  ; 3.65 V             ; -0.316 V           ; 0.041 V                             ; 0.53 V                              ; 4.29e-10 s                 ; 1.87e-10 s                 ; Yes                       ; No                        ;
; HEX1[1]  ; 3.3-V LVTTL  ; 0 s                 ; 0 s                 ; 3.63 V                       ; 0.000229 V                   ; 3.65 V              ; -0.319 V            ; 0.041 V                              ; 0.528 V                              ; 4.29e-10 s                  ; 1.87e-10 s                  ; Yes                        ; No                         ; 3.63 V                      ; 0.000229 V                  ; 3.65 V             ; -0.319 V           ; 0.041 V                             ; 0.528 V                             ; 4.29e-10 s                 ; 1.87e-10 s                 ; Yes                       ; No                        ;
; HEX1[2]  ; 3.3-V LVTTL  ; 0 s                 ; 0 s                 ; 3.63 V                       ; 0.000229 V                   ; 3.65 V              ; -0.319 V            ; 0.041 V                              ; 0.528 V                              ; 4.29e-10 s                  ; 1.87e-10 s                  ; Yes                        ; No                         ; 3.63 V                      ; 0.000229 V                  ; 3.65 V             ; -0.319 V           ; 0.041 V                             ; 0.528 V                             ; 4.29e-10 s                 ; 1.87e-10 s                 ; Yes                       ; No                        ;
; HEX1[3]  ; 3.3-V LVTTL  ; 0 s                 ; 0 s                 ; 3.63 V                       ; 0.000229 V                   ; 3.65 V              ; -0.316 V            ; 0.041 V                              ; 0.53 V                               ; 4.29e-10 s                  ; 1.87e-10 s                  ; Yes                        ; No                         ; 3.63 V                      ; 0.000229 V                  ; 3.65 V             ; -0.316 V           ; 0.041 V                             ; 0.53 V                              ; 4.29e-10 s                 ; 1.87e-10 s                 ; Yes                       ; No                        ;
; HEX1[4]  ; 3.3-V LVTTL  ; 0 s                 ; 0 s                 ; 3.63 V                       ; 0.000229 V                   ; 3.65 V              ; -0.316 V            ; 0.041 V                              ; 0.53 V                               ; 4.29e-10 s                  ; 1.87e-10 s                  ; Yes                        ; No                         ; 3.63 V                      ; 0.000229 V                  ; 3.65 V             ; -0.316 V           ; 0.041 V                             ; 0.53 V                              ; 4.29e-10 s                 ; 1.87e-10 s                 ; Yes                       ; No                        ;
; HEX1[5]  ; 3.3-V LVTTL  ; 0 s                 ; 0 s                 ; 3.63 V                       ; 0.000229 V                   ; 3.65 V              ; -0.319 V            ; 0.041 V                              ; 0.528 V                              ; 4.29e-10 s                  ; 1.87e-10 s                  ; Yes                        ; No                         ; 3.63 V                      ; 0.000229 V                  ; 3.65 V             ; -0.319 V           ; 0.041 V                             ; 0.528 V                             ; 4.29e-10 s                 ; 1.87e-10 s                 ; Yes                       ; No                        ;
; HEX1[6]  ; 3.3-V LVTTL  ; 0 s                 ; 0 s                 ; 3.63 V                       ; 0.000229 V                   ; 3.65 V              ; -0.319 V            ; 0.041 V                              ; 0.528 V                              ; 4.29e-10 s                  ; 1.87e-10 s                  ; Yes                        ; No                         ; 3.63 V                      ; 0.000229 V                  ; 3.65 V             ; -0.319 V           ; 0.041 V                             ; 0.528 V                             ; 4.29e-10 s                 ; 1.87e-10 s                 ; Yes                       ; No                        ;
; HEX2[0]  ; 3.3-V LVTTL  ; 0 s                 ; 0 s                 ; 3.63 V                       ; 0.000238 V                   ; 3.64 V              ; -0.254 V            ; 0.052 V                              ; 0.543 V                              ; 4.59e-10 s                  ; 1.96e-10 s                  ; Yes                        ; No                         ; 3.63 V                      ; 0.000238 V                  ; 3.64 V             ; -0.254 V           ; 0.052 V                             ; 0.543 V                             ; 4.59e-10 s                 ; 1.96e-10 s                 ; Yes                       ; No                        ;
; HEX2[1]  ; 3.3-V LVTTL  ; 0 s                 ; 0 s                 ; 3.63 V                       ; 0.000229 V                   ; 3.65 V              ; -0.319 V            ; 0.041 V                              ; 0.528 V                              ; 4.29e-10 s                  ; 1.87e-10 s                  ; Yes                        ; No                         ; 3.63 V                      ; 0.000229 V                  ; 3.65 V             ; -0.319 V           ; 0.041 V                             ; 0.528 V                             ; 4.29e-10 s                 ; 1.87e-10 s                 ; Yes                       ; No                        ;
; HEX2[2]  ; 3.3-V LVTTL  ; 0 s                 ; 0 s                 ; 3.63 V                       ; 0.000229 V                   ; 3.65 V              ; -0.319 V            ; 0.041 V                              ; 0.528 V                              ; 4.29e-10 s                  ; 1.87e-10 s                  ; Yes                        ; No                         ; 3.63 V                      ; 0.000229 V                  ; 3.65 V             ; -0.319 V           ; 0.041 V                             ; 0.528 V                             ; 4.29e-10 s                 ; 1.87e-10 s                 ; Yes                       ; No                        ;
; HEX2[3]  ; 3.3-V LVTTL  ; 0 s                 ; 0 s                 ; 3.63 V                       ; 0.000184 V                   ; 3.64 V              ; -0.19 V             ; 0.019 V                              ; 0.425 V                              ; 4.44e-10 s                  ; 1.91e-10 s                  ; Yes                        ; No                         ; 3.63 V                      ; 0.000184 V                  ; 3.64 V             ; -0.19 V            ; 0.019 V                             ; 0.425 V                             ; 4.44e-10 s                 ; 1.91e-10 s                 ; Yes                       ; No                        ;
; HEX2[4]  ; 3.3-V LVTTL  ; 0 s                 ; 0 s                 ; 3.63 V                       ; 0.000184 V                   ; 3.64 V              ; -0.19 V             ; 0.019 V                              ; 0.425 V                              ; 4.44e-10 s                  ; 1.91e-10 s                  ; Yes                        ; No                         ; 3.63 V                      ; 0.000184 V                  ; 3.64 V             ; -0.19 V            ; 0.019 V                             ; 0.425 V                             ; 4.44e-10 s                 ; 1.91e-10 s                 ; Yes                       ; No                        ;
; HEX2[5]  ; 3.3-V LVTTL  ; 0 s                 ; 0 s                 ; 3.63 V                       ; 0.000229 V                   ; 3.65 V              ; -0.319 V            ; 0.041 V                              ; 0.528 V                              ; 4.29e-10 s                  ; 1.87e-10 s                  ; Yes                        ; No                         ; 3.63 V                      ; 0.000229 V                  ; 3.65 V             ; -0.319 V           ; 0.041 V                             ; 0.528 V                             ; 4.29e-10 s                 ; 1.87e-10 s                 ; Yes                       ; No                        ;
; HEX2[6]  ; 3.3-V LVTTL  ; 0 s                 ; 0 s                 ; 3.63 V                       ; 0.000229 V                   ; 3.65 V              ; -0.316 V            ; 0.041 V                              ; 0.53 V                               ; 4.29e-10 s                  ; 1.87e-10 s                  ; Yes                        ; No                         ; 3.63 V                      ; 0.000229 V                  ; 3.65 V             ; -0.316 V           ; 0.041 V                             ; 0.53 V                              ; 4.29e-10 s                 ; 1.87e-10 s                 ; Yes                       ; No                        ;
; HEX3[0]  ; 3.3-V LVTTL  ; 0 s                 ; 0 s                 ; 3.63 V                       ; 0.000184 V                   ; 3.64 V              ; -0.19 V             ; 0.019 V                              ; 0.425 V                              ; 4.44e-10 s                  ; 1.91e-10 s                  ; Yes                        ; No                         ; 3.63 V                      ; 0.000184 V                  ; 3.64 V             ; -0.19 V            ; 0.019 V                             ; 0.425 V                             ; 4.44e-10 s                 ; 1.91e-10 s                 ; Yes                       ; No                        ;
; HEX3[1]  ; 3.3-V LVTTL  ; 0 s                 ; 0 s                 ; 3.63 V                       ; 0.000238 V                   ; 3.64 V              ; -0.254 V            ; 0.052 V                              ; 0.543 V                              ; 4.59e-10 s                  ; 1.96e-10 s                  ; Yes                        ; No                         ; 3.63 V                      ; 0.000238 V                  ; 3.64 V             ; -0.254 V           ; 0.052 V                             ; 0.543 V                             ; 4.59e-10 s                 ; 1.96e-10 s                 ; Yes                       ; No                        ;
; HEX3[2]  ; 3.3-V LVTTL  ; 0 s                 ; 0 s                 ; 3.63 V                       ; 0.000238 V                   ; 3.64 V              ; -0.254 V            ; 0.052 V                              ; 0.543 V                              ; 4.59e-10 s                  ; 1.96e-10 s                  ; Yes                        ; No                         ; 3.63 V                      ; 0.000238 V                  ; 3.64 V             ; -0.254 V           ; 0.052 V                             ; 0.543 V                             ; 4.59e-10 s                 ; 1.96e-10 s                 ; Yes                       ; No                        ;
; HEX3[3]  ; 3.3-V LVTTL  ; 0 s                 ; 0 s                 ; 3.63 V                       ; 0.000184 V                   ; 3.64 V              ; -0.19 V             ; 0.019 V                              ; 0.425 V                              ; 4.44e-10 s                  ; 1.91e-10 s                  ; Yes                        ; No                         ; 3.63 V                      ; 0.000184 V                  ; 3.64 V             ; -0.19 V            ; 0.019 V                             ; 0.425 V                             ; 4.44e-10 s                 ; 1.91e-10 s                 ; Yes                       ; No                        ;
; HEX3[4]  ; 3.3-V LVTTL  ; 0 s                 ; 0 s                 ; 3.63 V                       ; 0.000238 V                   ; 3.64 V              ; -0.254 V            ; 0.052 V                              ; 0.543 V                              ; 4.59e-10 s                  ; 1.96e-10 s                  ; Yes                        ; No                         ; 3.63 V                      ; 0.000238 V                  ; 3.64 V             ; -0.254 V           ; 0.052 V                             ; 0.543 V                             ; 4.59e-10 s                 ; 1.96e-10 s                 ; Yes                       ; No                        ;
; HEX3[5]  ; 3.3-V LVTTL  ; 0 s                 ; 0 s                 ; 3.63 V                       ; 0.000238 V                   ; 3.64 V              ; -0.254 V            ; 0.052 V                              ; 0.543 V                              ; 4.59e-10 s                  ; 1.96e-10 s                  ; Yes                        ; No                         ; 3.63 V                      ; 0.000238 V                  ; 3.64 V             ; -0.254 V           ; 0.052 V                             ; 0.543 V                             ; 4.59e-10 s                 ; 1.96e-10 s                 ; Yes                       ; No                        ;
; HEX3[6]  ; 3.3-V LVTTL  ; 0 s                 ; 0 s                 ; 3.63 V                       ; 0.000184 V                   ; 3.64 V              ; -0.19 V             ; 0.019 V                              ; 0.425 V                              ; 4.44e-10 s                  ; 1.91e-10 s                  ; Yes                        ; No                         ; 3.63 V                      ; 0.000184 V                  ; 3.64 V             ; -0.19 V            ; 0.019 V                             ; 0.425 V                             ; 4.44e-10 s                 ; 1.91e-10 s                 ; Yes                       ; No                        ;
; HEX4[0]  ; 3.3-V LVTTL  ; 0 s                 ; 0 s                 ; 3.63 V                       ; 0.000229 V                   ; 3.65 V              ; -0.316 V            ; 0.041 V                              ; 0.53 V                               ; 4.29e-10 s                  ; 1.87e-10 s                  ; Yes                        ; No                         ; 3.63 V                      ; 0.000229 V                  ; 3.65 V             ; -0.316 V           ; 0.041 V                             ; 0.53 V                              ; 4.29e-10 s                 ; 1.87e-10 s                 ; Yes                       ; No                        ;
; HEX4[1]  ; 3.3-V LVTTL  ; 0 s                 ; 0 s                 ; 3.63 V                       ; 0.000184 V                   ; 3.64 V              ; -0.19 V             ; 0.019 V                              ; 0.425 V                              ; 4.44e-10 s                  ; 1.91e-10 s                  ; Yes                        ; No                         ; 3.63 V                      ; 0.000184 V                  ; 3.64 V             ; -0.19 V            ; 0.019 V                             ; 0.425 V                             ; 4.44e-10 s                 ; 1.91e-10 s                 ; Yes                       ; No                        ;
; HEX4[2]  ; 3.3-V LVTTL  ; 0 s                 ; 0 s                 ; 3.63 V                       ; 0.000184 V                   ; 3.64 V              ; -0.19 V             ; 0.019 V                              ; 0.425 V                              ; 4.44e-10 s                  ; 1.91e-10 s                  ; Yes                        ; No                         ; 3.63 V                      ; 0.000184 V                  ; 3.64 V             ; -0.19 V            ; 0.019 V                             ; 0.425 V                             ; 4.44e-10 s                 ; 1.91e-10 s                 ; Yes                       ; No                        ;
; HEX4[3]  ; 3.3-V LVTTL  ; 0 s                 ; 0 s                 ; 3.63 V                       ; 0.000184 V                   ; 3.64 V              ; -0.19 V             ; 0.019 V                              ; 0.425 V                              ; 4.44e-10 s                  ; 1.91e-10 s                  ; Yes                        ; No                         ; 3.63 V                      ; 0.000184 V                  ; 3.64 V             ; -0.19 V            ; 0.019 V                             ; 0.425 V                             ; 4.44e-10 s                 ; 1.91e-10 s                 ; Yes                       ; No                        ;
; HEX4[4]  ; 3.3-V LVTTL  ; 0 s                 ; 0 s                 ; 3.63 V                       ; 0.000238 V                   ; 3.64 V              ; -0.254 V            ; 0.052 V                              ; 0.543 V                              ; 4.59e-10 s                  ; 1.96e-10 s                  ; Yes                        ; No                         ; 3.63 V                      ; 0.000238 V                  ; 3.64 V             ; -0.254 V           ; 0.052 V                             ; 0.543 V                             ; 4.59e-10 s                 ; 1.96e-10 s                 ; Yes                       ; No                        ;
; HEX4[5]  ; 3.3-V LVTTL  ; 0 s                 ; 0 s                 ; 3.63 V                       ; 0.000238 V                   ; 3.64 V              ; -0.254 V            ; 0.052 V                              ; 0.543 V                              ; 4.59e-10 s                  ; 1.96e-10 s                  ; Yes                        ; No                         ; 3.63 V                      ; 0.000238 V                  ; 3.64 V             ; -0.254 V           ; 0.052 V                             ; 0.543 V                             ; 4.59e-10 s                 ; 1.96e-10 s                 ; Yes                       ; No                        ;
; HEX4[6]  ; 3.3-V LVTTL  ; 0 s                 ; 0 s                 ; 3.63 V                       ; 0.000184 V                   ; 3.64 V              ; -0.19 V             ; 0.019 V                              ; 0.425 V                              ; 4.44e-10 s                  ; 1.91e-10 s                  ; Yes                        ; No                         ; 3.63 V                      ; 0.000184 V                  ; 3.64 V             ; -0.19 V            ; 0.019 V                             ; 0.425 V                             ; 4.44e-10 s                 ; 1.91e-10 s                 ; Yes                       ; No                        ;
; HEX5[0]  ; 3.3-V LVTTL  ; 0 s                 ; 0 s                 ; 3.63 V                       ; 0.000238 V                   ; 3.64 V              ; -0.254 V            ; 0.052 V                              ; 0.543 V                              ; 4.59e-10 s                  ; 1.96e-10 s                  ; Yes                        ; No                         ; 3.63 V                      ; 0.000238 V                  ; 3.64 V             ; -0.254 V           ; 0.052 V                             ; 0.543 V                             ; 4.59e-10 s                 ; 1.96e-10 s                 ; Yes                       ; No                        ;
; HEX5[1]  ; 3.3-V LVTTL  ; 0 s                 ; 0 s                 ; 3.63 V                       ; 0.000184 V                   ; 3.64 V              ; -0.19 V             ; 0.019 V                              ; 0.425 V                              ; 4.44e-10 s                  ; 1.91e-10 s                  ; Yes                        ; No                         ; 3.63 V                      ; 0.000184 V                  ; 3.64 V             ; -0.19 V            ; 0.019 V                             ; 0.425 V                             ; 4.44e-10 s                 ; 1.91e-10 s                 ; Yes                       ; No                        ;
; HEX5[2]  ; 3.3-V LVTTL  ; 0 s                 ; 0 s                 ; 3.63 V                       ; 0.000184 V                   ; 3.64 V              ; -0.19 V             ; 0.019 V                              ; 0.425 V                              ; 4.44e-10 s                  ; 1.91e-10 s                  ; Yes                        ; No                         ; 3.63 V                      ; 0.000184 V                  ; 3.64 V             ; -0.19 V            ; 0.019 V                             ; 0.425 V                             ; 4.44e-10 s                 ; 1.91e-10 s                 ; Yes                       ; No                        ;
; HEX5[3]  ; 3.3-V LVTTL  ; 0 s                 ; 0 s                 ; 3.63 V                       ; 0.000184 V                   ; 3.64 V              ; -0.19 V             ; 0.019 V                              ; 0.425 V                              ; 4.44e-10 s                  ; 1.91e-10 s                  ; Yes                        ; No                         ; 3.63 V                      ; 0.000184 V                  ; 3.64 V             ; -0.19 V            ; 0.019 V                             ; 0.425 V                             ; 4.44e-10 s                 ; 1.91e-10 s                 ; Yes                       ; No                        ;
; HEX5[4]  ; 3.3-V LVTTL  ; 0 s                 ; 0 s                 ; 3.63 V                       ; 0.000229 V                   ; 3.65 V              ; -0.319 V            ; 0.041 V                              ; 0.528 V                              ; 4.29e-10 s                  ; 1.87e-10 s                  ; Yes                        ; No                         ; 3.63 V                      ; 0.000229 V                  ; 3.65 V             ; -0.319 V           ; 0.041 V                             ; 0.528 V                             ; 4.29e-10 s                 ; 1.87e-10 s                 ; Yes                       ; No                        ;
; HEX5[5]  ; 3.3-V LVTTL  ; 0 s                 ; 0 s                 ; 3.63 V                       ; 0.000229 V                   ; 3.65 V              ; -0.316 V            ; 0.041 V                              ; 0.53 V                               ; 4.29e-10 s                  ; 1.87e-10 s                  ; Yes                        ; No                         ; 3.63 V                      ; 0.000229 V                  ; 3.65 V             ; -0.316 V           ; 0.041 V                             ; 0.53 V                              ; 4.29e-10 s                 ; 1.87e-10 s                 ; Yes                       ; No                        ;
; HEX5[6]  ; 3.3-V LVTTL  ; 0 s                 ; 0 s                 ; 3.63 V                       ; 0.000238 V                   ; 3.64 V              ; -0.254 V            ; 0.052 V                              ; 0.543 V                              ; 4.59e-10 s                  ; 1.96e-10 s                  ; Yes                        ; No                         ; 3.63 V                      ; 0.000238 V                  ; 3.64 V             ; -0.254 V           ; 0.052 V                             ; 0.543 V                             ; 4.59e-10 s                 ; 1.96e-10 s                 ; Yes                       ; No                        ;
; PS2_CLK  ; 3.3-V LVTTL  ; 0 s                 ; 0 s                 ; 3.63 V                       ; 0.000238 V                   ; 3.64 V              ; -0.254 V            ; 0.052 V                              ; 0.543 V                              ; 4.59e-10 s                  ; 1.96e-10 s                  ; Yes                        ; No                         ; 3.63 V                      ; 0.000238 V                  ; 3.64 V             ; -0.254 V           ; 0.052 V                             ; 0.543 V                             ; 4.59e-10 s                 ; 1.96e-10 s                 ; Yes                       ; No                        ;
; PS2_DAT  ; 3.3-V LVTTL  ; 0 s                 ; 0 s                 ; 3.63 V                       ; 0.000238 V                   ; 3.64 V              ; -0.254 V            ; 0.052 V                              ; 0.543 V                              ; 4.59e-10 s                  ; 1.96e-10 s                  ; Yes                        ; No                         ; 3.63 V                      ; 0.000238 V                  ; 3.64 V             ; -0.254 V           ; 0.052 V                             ; 0.543 V                             ; 4.59e-10 s                 ; 1.96e-10 s                 ; Yes                       ; No                        ;
+----------+--------------+---------------------+---------------------+------------------------------+------------------------------+---------------------+---------------------+--------------------------------------+--------------------------------------+-----------------------------+-----------------------------+----------------------------+----------------------------+-----------------------------+-----------------------------+--------------------+--------------------+-------------------------------------+-------------------------------------+----------------------------+----------------------------+---------------------------+---------------------------+


+-------------------------------------------------------------------------------------------------------------------+
; Setup Transfers                                                                                                   ;
+-----------------------------------+-----------------------------------+----------+----------+----------+----------+
; From Clock                        ; To Clock                          ; RR Paths ; FR Paths ; RF Paths ; FF Paths ;
+-----------------------------------+-----------------------------------+----------+----------+----------+----------+
; clk25                             ; clk25                             ; 48241    ; 0        ; 0        ; 0        ;
; MOUSE:u_mouse|MOUSE_CLK_FILTER    ; clk25                             ; 1        ; 5        ; 0        ; 0        ;
; reset_n                           ; clk25                             ; 1581     ; 0        ; 0        ; 0        ;
; VGA_SYNC:u_vga_sync|vert_sync_out ; clk25                             ; 2376     ; 0        ; 0        ; 0        ;
; clk25                             ; CLOCK_50                          ; 1        ; 1        ; 0        ; 0        ;
; clk25                             ; MOUSE:u_mouse|MOUSE_CLK_FILTER    ; 0        ; 0        ; 35       ; 0        ;
; MOUSE:u_mouse|MOUSE_CLK_FILTER    ; MOUSE:u_mouse|MOUSE_CLK_FILTER    ; 0        ; 0        ; 0        ; 193      ;
; reset_n                           ; MOUSE:u_mouse|MOUSE_CLK_FILTER    ; 0        ; 0        ; 11       ; 11       ;
; clk25                             ; reset_n                           ; 8297     ; 0        ; 0        ; 0        ;
; MOUSE:u_mouse|MOUSE_CLK_FILTER    ; VGA_SYNC:u_vga_sync|vert_sync_out ; 0        ; 3        ; 0        ; 0        ;
; VGA_SYNC:u_vga_sync|vert_sync_out ; VGA_SYNC:u_vga_sync|vert_sync_out ; 170      ; 0        ; 0        ; 0        ;
+-----------------------------------+-----------------------------------+----------+----------+----------+----------+
Entries labeled "false path" only account for clock-to-clock false paths and not path-based false paths. As a result, actual path counts may be lower than reported.


+-------------------------------------------------------------------------------------------------------------------+
; Hold Transfers                                                                                                    ;
+-----------------------------------+-----------------------------------+----------+----------+----------+----------+
; From Clock                        ; To Clock                          ; RR Paths ; FR Paths ; RF Paths ; FF Paths ;
+-----------------------------------+-----------------------------------+----------+----------+----------+----------+
; clk25                             ; clk25                             ; 48241    ; 0        ; 0        ; 0        ;
; MOUSE:u_mouse|MOUSE_CLK_FILTER    ; clk25                             ; 1        ; 5        ; 0        ; 0        ;
; reset_n                           ; clk25                             ; 1581     ; 0        ; 0        ; 0        ;
; VGA_SYNC:u_vga_sync|vert_sync_out ; clk25                             ; 2376     ; 0        ; 0        ; 0        ;
; clk25                             ; CLOCK_50                          ; 1        ; 1        ; 0        ; 0        ;
; clk25                             ; MOUSE:u_mouse|MOUSE_CLK_FILTER    ; 0        ; 0        ; 35       ; 0        ;
; MOUSE:u_mouse|MOUSE_CLK_FILTER    ; MOUSE:u_mouse|MOUSE_CLK_FILTER    ; 0        ; 0        ; 0        ; 193      ;
; reset_n                           ; MOUSE:u_mouse|MOUSE_CLK_FILTER    ; 0        ; 0        ; 11       ; 11       ;
; clk25                             ; reset_n                           ; 8297     ; 0        ; 0        ; 0        ;
; MOUSE:u_mouse|MOUSE_CLK_FILTER    ; VGA_SYNC:u_vga_sync|vert_sync_out ; 0        ; 3        ; 0        ; 0        ;
; VGA_SYNC:u_vga_sync|vert_sync_out ; VGA_SYNC:u_vga_sync|vert_sync_out ; 170      ; 0        ; 0        ; 0        ;
+-----------------------------------+-----------------------------------+----------+----------+----------+----------+
Entries labeled "false path" only account for clock-to-clock false paths and not path-based false paths. As a result, actual path counts may be lower than reported.


+-----------------------------------------------------------------------------------------+
; Recovery Transfers                                                                      ;
+------------+--------------------------------+----------+----------+----------+----------+
; From Clock ; To Clock                       ; RR Paths ; FR Paths ; RF Paths ; FF Paths ;
+------------+--------------------------------+----------+----------+----------+----------+
; reset_n    ; clk25                          ; 129      ; 129      ; 0        ; 0        ;
; clk25      ; MOUSE:u_mouse|MOUSE_CLK_FILTER ; 0        ; 0        ; 16       ; 0        ;
; reset_n    ; MOUSE:u_mouse|MOUSE_CLK_FILTER ; 0        ; 0        ; 8        ; 8        ;
+------------+--------------------------------+----------+----------+----------+----------+
Entries labeled "false path" only account for clock-to-clock false paths and not path-based false paths. As a result, actual path counts may be lower than reported.


+-----------------------------------------------------------------------------------------+
; Removal Transfers                                                                       ;
+------------+--------------------------------+----------+----------+----------+----------+
; From Clock ; To Clock                       ; RR Paths ; FR Paths ; RF Paths ; FF Paths ;
+------------+--------------------------------+----------+----------+----------+----------+
; reset_n    ; clk25                          ; 129      ; 129      ; 0        ; 0        ;
; clk25      ; MOUSE:u_mouse|MOUSE_CLK_FILTER ; 0        ; 0        ; 16       ; 0        ;
; reset_n    ; MOUSE:u_mouse|MOUSE_CLK_FILTER ; 0        ; 0        ; 8        ; 8        ;
+------------+--------------------------------+----------+----------+----------+----------+
Entries labeled "false path" only account for clock-to-clock false paths and not path-based false paths. As a result, actual path counts may be lower than reported.


---------------
; Report TCCS ;
---------------
No dedicated SERDES Transmitter circuitry present in device or used in design


---------------
; Report RSKM ;
---------------
No non-DPA dedicated SERDES Receiver circuitry present in device or used in design


+------------------------------------------------+
; Unconstrained Paths Summary                    ;
+---------------------------------+-------+------+
; Property                        ; Setup ; Hold ;
+---------------------------------+-------+------+
; Illegal Clocks                  ; 0     ; 0    ;
; Unconstrained Clocks            ; 0     ; 0    ;
; Unconstrained Input Ports       ; 4     ; 4    ;
; Unconstrained Input Port Paths  ; 6     ; 6    ;
; Unconstrained Output Ports      ; 44    ; 44   ;
; Unconstrained Output Port Paths ; 86    ; 86   ;
+---------------------------------+-------+------+


+--------------------------------------------------------------------------------------------+
; Clock Status Summary                                                                       ;
+-----------------------------------+-----------------------------------+------+-------------+
; Target                            ; Clock                             ; Type ; Status      ;
+-----------------------------------+-----------------------------------+------+-------------+
; CLOCK_50                          ; CLOCK_50                          ; Base ; Constrained ;
; MOUSE:u_mouse|MOUSE_CLK_FILTER    ; MOUSE:u_mouse|MOUSE_CLK_FILTER    ; Base ; Constrained ;
; VGA_SYNC:u_vga_sync|vert_sync_out ; VGA_SYNC:u_vga_sync|vert_sync_out ; Base ; Constrained ;
; clk25                             ; clk25                             ; Base ; Constrained ;
; reset_n                           ; reset_n                           ; Base ; Constrained ;
+-----------------------------------+-----------------------------------+------+-------------+


+---------------------------------------------------------------------------------------------------+
; Unconstrained Input Ports                                                                         ;
+------------+--------------------------------------------------------------------------------------+
; Input Port ; Comment                                                                              ;
+------------+--------------------------------------------------------------------------------------+
; PB1        ; No input delay, min/max delays, false-path exceptions, or max skew assignments found ;
; PS2_CLK    ; No input delay, min/max delays, false-path exceptions, or max skew assignments found ;
; PS2_DAT    ; No input delay, min/max delays, false-path exceptions, or max skew assignments found ;
; SW0        ; No input delay, min/max delays, false-path exceptions, or max skew assignments found ;
+------------+--------------------------------------------------------------------------------------+


+-----------------------------------------------------------------------------------------------------+
; Unconstrained Output Ports                                                                          ;
+-------------+---------------------------------------------------------------------------------------+
; Output Port ; Comment                                                                               ;
+-------------+---------------------------------------------------------------------------------------+
; HEX1[1]     ; No output delay, min/max delays, false-path exceptions, or max skew assignments found ;
; HEX1[2]     ; No output delay, min/max delays, false-path exceptions, or max skew assignments found ;
; HEX1[3]     ; No output delay, min/max delays, false-path exceptions, or max skew assignments found ;
; HEX1[4]     ; No output delay, min/max delays, false-path exceptions, or max skew assignments found ;
; HEX1[5]     ; No output delay, min/max delays, false-path exceptions, or max skew assignments found ;
; HEX1[6]     ; No output delay, min/max delays, false-path exceptions, or max skew assignments found ;
; HEX2[0]     ; No output delay, min/max delays, false-path exceptions, or max skew assignments found ;
; HEX2[1]     ; No output delay, min/max delays, false-path exceptions, or max skew assignments found ;
; HEX2[2]     ; No output delay, min/max delays, false-path exceptions, or max skew assignments found ;
; HEX2[3]     ; No output delay, min/max delays, false-path exceptions, or max skew assignments found ;
; HEX2[4]     ; No output delay, min/max delays, false-path exceptions, or max skew assignments found ;
; HEX2[5]     ; No output delay, min/max delays, false-path exceptions, or max skew assignments found ;
; HEX2[6]     ; No output delay, min/max delays, false-path exceptions, or max skew assignments found ;
; HEX4[0]     ; No output delay, min/max delays, false-path exceptions, or max skew assignments found ;
; HEX4[1]     ; No output delay, min/max delays, false-path exceptions, or max skew assignments found ;
; HEX4[2]     ; No output delay, min/max delays, false-path exceptions, or max skew assignments found ;
; HEX4[3]     ; No output delay, min/max delays, false-path exceptions, or max skew assignments found ;
; HEX4[4]     ; No output delay, min/max delays, false-path exceptions, or max skew assignments found ;
; HEX4[5]     ; No output delay, min/max delays, false-path exceptions, or max skew assignments found ;
; HEX4[6]     ; No output delay, min/max delays, false-path exceptions, or max skew assignments found ;
; HEX5[0]     ; No output delay, min/max delays, false-path exceptions, or max skew assignments found ;
; HEX5[1]     ; No output delay, min/max delays, false-path exceptions, or max skew assignments found ;
; HEX5[2]     ; No output delay, min/max delays, false-path exceptions, or max skew assignments found ;
; HEX5[3]     ; No output delay, min/max delays, false-path exceptions, or max skew assignments found ;
; HEX5[4]     ; No output delay, min/max delays, false-path exceptions, or max skew assignments found ;
; HEX5[5]     ; No output delay, min/max delays, false-path exceptions, or max skew assignments found ;
; HEX5[6]     ; No output delay, min/max delays, false-path exceptions, or max skew assignments found ;
; LEDR0       ; No output delay, min/max delays, false-path exceptions, or max skew assignments found ;
; PS2_CLK     ; No output delay, min/max delays, false-path exceptions, or max skew assignments found ;
; PS2_DAT     ; No output delay, min/max delays, false-path exceptions, or max skew assignments found ;
; VGA_B[0]    ; No output delay, min/max delays, false-path exceptions, or max skew assignments found ;
; VGA_B[1]    ; No output delay, min/max delays, false-path exceptions, or max skew assignments found ;
; VGA_B[2]    ; No output delay, min/max delays, false-path exceptions, or max skew assignments found ;
; VGA_B[3]    ; No output delay, min/max delays, false-path exceptions, or max skew assignments found ;
; VGA_G[0]    ; No output delay, min/max delays, false-path exceptions, or max skew assignments found ;
; VGA_G[1]    ; No output delay, min/max delays, false-path exceptions, or max skew assignments found ;
; VGA_G[2]    ; No output delay, min/max delays, false-path exceptions, or max skew assignments found ;
; VGA_G[3]    ; No output delay, min/max delays, false-path exceptions, or max skew assignments found ;
; VGA_HS      ; No output delay, min/max delays, false-path exceptions, or max skew assignments found ;
; VGA_R[0]    ; No output delay, min/max delays, false-path exceptions, or max skew assignments found ;
; VGA_R[1]    ; No output delay, min/max delays, false-path exceptions, or max skew assignments found ;
; VGA_R[2]    ; No output delay, min/max delays, false-path exceptions, or max skew assignments found ;
; VGA_R[3]    ; No output delay, min/max delays, false-path exceptions, or max skew assignments found ;
; VGA_VS      ; No output delay, min/max delays, false-path exceptions, or max skew assignments found ;
+-------------+---------------------------------------------------------------------------------------+


+---------------------------------------------------------------------------------------------------+
; Unconstrained Input Ports                                                                         ;
+------------+--------------------------------------------------------------------------------------+
; Input Port ; Comment                                                                              ;
+------------+--------------------------------------------------------------------------------------+
; PB1        ; No input delay, min/max delays, false-path exceptions, or max skew assignments found ;
; PS2_CLK    ; No input delay, min/max delays, false-path exceptions, or max skew assignments found ;
; PS2_DAT    ; No input delay, min/max delays, false-path exceptions, or max skew assignments found ;
; SW0        ; No input delay, min/max delays, false-path exceptions, or max skew assignments found ;
+------------+--------------------------------------------------------------------------------------+


+-----------------------------------------------------------------------------------------------------+
; Unconstrained Output Ports                                                                          ;
+-------------+---------------------------------------------------------------------------------------+
; Output Port ; Comment                                                                               ;
+-------------+---------------------------------------------------------------------------------------+
; HEX1[1]     ; No output delay, min/max delays, false-path exceptions, or max skew assignments found ;
; HEX1[2]     ; No output delay, min/max delays, false-path exceptions, or max skew assignments found ;
; HEX1[3]     ; No output delay, min/max delays, false-path exceptions, or max skew assignments found ;
; HEX1[4]     ; No output delay, min/max delays, false-path exceptions, or max skew assignments found ;
; HEX1[5]     ; No output delay, min/max delays, false-path exceptions, or max skew assignments found ;
; HEX1[6]     ; No output delay, min/max delays, false-path exceptions, or max skew assignments found ;
; HEX2[0]     ; No output delay, min/max delays, false-path exceptions, or max skew assignments found ;
; HEX2[1]     ; No output delay, min/max delays, false-path exceptions, or max skew assignments found ;
; HEX2[2]     ; No output delay, min/max delays, false-path exceptions, or max skew assignments found ;
; HEX2[3]     ; No output delay, min/max delays, false-path exceptions, or max skew assignments found ;
; HEX2[4]     ; No output delay, min/max delays, false-path exceptions, or max skew assignments found ;
; HEX2[5]     ; No output delay, min/max delays, false-path exceptions, or max skew assignments found ;
; HEX2[6]     ; No output delay, min/max delays, false-path exceptions, or max skew assignments found ;
; HEX4[0]     ; No output delay, min/max delays, false-path exceptions, or max skew assignments found ;
; HEX4[1]     ; No output delay, min/max delays, false-path exceptions, or max skew assignments found ;
; HEX4[2]     ; No output delay, min/max delays, false-path exceptions, or max skew assignments found ;
; HEX4[3]     ; No output delay, min/max delays, false-path exceptions, or max skew assignments found ;
; HEX4[4]     ; No output delay, min/max delays, false-path exceptions, or max skew assignments found ;
; HEX4[5]     ; No output delay, min/max delays, false-path exceptions, or max skew assignments found ;
; HEX4[6]     ; No output delay, min/max delays, false-path exceptions, or max skew assignments found ;
; HEX5[0]     ; No output delay, min/max delays, false-path exceptions, or max skew assignments found ;
; HEX5[1]     ; No output delay, min/max delays, false-path exceptions, or max skew assignments found ;
; HEX5[2]     ; No output delay, min/max delays, false-path exceptions, or max skew assignments found ;
; HEX5[3]     ; No output delay, min/max delays, false-path exceptions, or max skew assignments found ;
; HEX5[4]     ; No output delay, min/max delays, false-path exceptions, or max skew assignments found ;
; HEX5[5]     ; No output delay, min/max delays, false-path exceptions, or max skew assignments found ;
; HEX5[6]     ; No output delay, min/max delays, false-path exceptions, or max skew assignments found ;
; LEDR0       ; No output delay, min/max delays, false-path exceptions, or max skew assignments found ;
; PS2_CLK     ; No output delay, min/max delays, false-path exceptions, or max skew assignments found ;
; PS2_DAT     ; No output delay, min/max delays, false-path exceptions, or max skew assignments found ;
; VGA_B[0]    ; No output delay, min/max delays, false-path exceptions, or max skew assignments found ;
; VGA_B[1]    ; No output delay, min/max delays, false-path exceptions, or max skew assignments found ;
; VGA_B[2]    ; No output delay, min/max delays, false-path exceptions, or max skew assignments found ;
; VGA_B[3]    ; No output delay, min/max delays, false-path exceptions, or max skew assignments found ;
; VGA_G[0]    ; No output delay, min/max delays, false-path exceptions, or max skew assignments found ;
; VGA_G[1]    ; No output delay, min/max delays, false-path exceptions, or max skew assignments found ;
; VGA_G[2]    ; No output delay, min/max delays, false-path exceptions, or max skew assignments found ;
; VGA_G[3]    ; No output delay, min/max delays, false-path exceptions, or max skew assignments found ;
; VGA_HS      ; No output delay, min/max delays, false-path exceptions, or max skew assignments found ;
; VGA_R[0]    ; No output delay, min/max delays, false-path exceptions, or max skew assignments found ;
; VGA_R[1]    ; No output delay, min/max delays, false-path exceptions, or max skew assignments found ;
; VGA_R[2]    ; No output delay, min/max delays, false-path exceptions, or max skew assignments found ;
; VGA_R[3]    ; No output delay, min/max delays, false-path exceptions, or max skew assignments found ;
; VGA_VS      ; No output delay, min/max delays, false-path exceptions, or max skew assignments found ;
+-------------+---------------------------------------------------------------------------------------+


+--------------------------+
; Timing Analyzer Messages ;
+--------------------------+
Info: *******************************************************************
Info: Running Quartus Prime Timing Analyzer
    Info: Version 18.1.0 Build 625 09/12/2018 SJ Lite Edition
    Info: Processing started: Wed May 28 20:50:13 2025
Info: Command: quartus_sta ParentProject -c top_de0_cv
Info: qsta_default_script.tcl version: #1
Warning (18236): Number of processors has not been specified which may cause overloading on shared machines.  Set the global assignment NUM_PARALLEL_PROCESSORS in your QSF to an appropriate value for best performance.
Info (20030): Parallel compilation is enabled and will use 6 of the 6 processors detected
Info (21077): Low junction temperature is 0 degrees C
Info (21077): High junction temperature is 85 degrees C
Warning (335093): The Timing Analyzer is analyzing 10 combinational loops as latches. For more details, run the Check Timing command in the Timing Analyzer or view the "User-Specified and Inferred Latches" table in the Analysis & Synthesis report.
Critical Warning (332012): Synopsys Design Constraints File file not found: 'DE0_CV_Default.sdc'. A Synopsys Design Constraints File is required by the Timing Analyzer to get proper timing constraints. Without it, the Compiler will not properly optimize the design.
Info (332142): No user constrained base clocks found in the design. Calling "derive_clocks -period 1.0"
Info (332105): Deriving Clocks
    Info (332105): create_clock -period 1.000 -name clk25 clk25
    Info (332105): create_clock -period 1.000 -name CLOCK_50 CLOCK_50
    Info (332105): create_clock -period 1.000 -name VGA_SYNC:u_vga_sync|vert_sync_out VGA_SYNC:u_vga_sync|vert_sync_out
    Info (332105): create_clock -period 1.000 -name MOUSE:u_mouse|MOUSE_CLK_FILTER MOUSE:u_mouse|MOUSE_CLK_FILTER
    Info (332105): create_clock -period 1.000 -name reset_n reset_n
Info (332143): No user constrained clock uncertainty found in the design. Calling "derive_clock_uncertainty"
Info (332123): Deriving Clock Uncertainty. Please refer to report_sdc in the Timing Analyzer to see clock uncertainties.
Info: Found TIMING_ANALYZER_REPORT_SCRIPT_INCLUDE_DEFAULT_ANALYSIS = ON
Info: Analyzing Slow 1100mV 85C Model
Critical Warning (332148): Timing requirements not met
    Info (11105): For recommendations on closing timing, run Report Timing Closure Recommendations in the Timing Analyzer.
Info (332146): Worst-case setup slack is -7.521
    Info (332119):     Slack       End Point TNS Clock 
    Info (332119): ========= =================== =====================
    Info (332119):    -7.521            -910.702 clk25 
    Info (332119):    -6.362             -57.456 reset_n 
    Info (332119):    -3.080             -97.955 MOUSE:u_mouse|MOUSE_CLK_FILTER 
    Info (332119):    -2.775             -45.764 VGA_SYNC:u_vga_sync|vert_sync_out 
    Info (332119):    -2.203              -2.203 CLOCK_50 
Info (332146): Worst-case hold slack is 0.060
    Info (332119):     Slack       End Point TNS Clock 
    Info (332119): ========= =================== =====================
    Info (332119):     0.060               0.000 clk25 
    Info (332119):     0.417               0.000 MOUSE:u_mouse|MOUSE_CLK_FILTER 
    Info (332119):     0.564               0.000 CLOCK_50 
    Info (332119):     0.802               0.000 reset_n 
    Info (332119):     0.870               0.000 VGA_SYNC:u_vga_sync|vert_sync_out 
Info (332146): Worst-case recovery slack is -2.907
    Info (332119):     Slack       End Point TNS Clock 
    Info (332119): ========= =================== =====================
    Info (332119):    -2.907            -342.079 clk25 
    Info (332119):    -2.814             -51.897 MOUSE:u_mouse|MOUSE_CLK_FILTER 
Info (332146): Worst-case removal slack is 0.953
    Info (332119):     Slack       End Point TNS Clock 
    Info (332119): ========= =================== =====================
    Info (332119):     0.953               0.000 clk25 
    Info (332119):     0.991               0.000 MOUSE:u_mouse|MOUSE_CLK_FILTER 
Info (332146): Worst-case minimum pulse width slack is -2.636
    Info (332119):     Slack       End Point TNS Clock 
    Info (332119): ========= =================== =====================
    Info (332119):    -2.636            -262.489 clk25 
    Info (332119):    -0.593              -1.131 CLOCK_50 
    Info (332119):    -0.538             -27.900 MOUSE:u_mouse|MOUSE_CLK_FILTER 
    Info (332119):    -0.538             -14.498 VGA_SYNC:u_vga_sync|vert_sync_out 
    Info (332119):    -0.067              -0.111 reset_n 
Info (332114): Report Metastability: Found 2 synchronizer chains.
    Info (332114): Design MTBF is not calculated because the design doesn't meet its timing requirements.
Info: Analyzing Slow 1100mV 0C Model
Info (334003): Started post-fitting delay annotation
Info (334004): Delay annotation completed successfully
Info (332123): Deriving Clock Uncertainty. Please refer to report_sdc in the Timing Analyzer to see clock uncertainties.
Critical Warning (332148): Timing requirements not met
    Info (11105): For recommendations on closing timing, run Report Timing Closure Recommendations in the Timing Analyzer.
Info (332146): Worst-case setup slack is -7.605
    Info (332119):     Slack       End Point TNS Clock 
    Info (332119): ========= =================== =====================
    Info (332119):    -7.605            -897.331 clk25 
    Info (332119):    -6.694             -61.194 reset_n 
    Info (332119):    -2.994             -89.042 MOUSE:u_mouse|MOUSE_CLK_FILTER 
    Info (332119):    -2.952             -47.436 VGA_SYNC:u_vga_sync|vert_sync_out 
    Info (332119):    -2.082              -2.082 CLOCK_50 
Info (332146): Worst-case hold slack is 0.136
    Info (332119):     Slack       End Point TNS Clock 
    Info (332119): ========= =================== =====================
    Info (332119):     0.136               0.000 clk25 
    Info (332119):     0.464               0.000 MOUSE:u_mouse|MOUSE_CLK_FILTER 
    Info (332119):     0.496               0.000 CLOCK_50 
    Info (332119):     0.697               0.000 reset_n 
    Info (332119):     0.893               0.000 VGA_SYNC:u_vga_sync|vert_sync_out 
Info (332146): Worst-case recovery slack is -2.919
    Info (332119):     Slack       End Point TNS Clock 
    Info (332119): ========= =================== =====================
    Info (332119):    -2.919            -343.573 clk25 
    Info (332119):    -2.722             -48.064 MOUSE:u_mouse|MOUSE_CLK_FILTER 
Info (332146): Worst-case removal slack is 0.901
    Info (332119):     Slack       End Point TNS Clock 
    Info (332119): ========= =================== =====================
    Info (332119):     0.901               0.000 MOUSE:u_mouse|MOUSE_CLK_FILTER 
    Info (332119):     1.004               0.000 clk25 
Info (332146): Worst-case minimum pulse width slack is -2.636
    Info (332119):     Slack       End Point TNS Clock 
    Info (332119): ========= =================== =====================
    Info (332119):    -2.636            -257.596 clk25 
    Info (332119):    -0.654              -1.192 CLOCK_50 
    Info (332119):    -0.538             -27.974 MOUSE:u_mouse|MOUSE_CLK_FILTER 
    Info (332119):    -0.538             -14.364 VGA_SYNC:u_vga_sync|vert_sync_out 
    Info (332119):    -0.052              -0.129 reset_n 
Info (332114): Report Metastability: Found 2 synchronizer chains.
    Info (332114): Design MTBF is not calculated because the design doesn't meet its timing requirements.
Info: Analyzing Fast 1100mV 85C Model
Info (334003): Started post-fitting delay annotation
Info (334004): Delay annotation completed successfully
Info (332123): Deriving Clock Uncertainty. Please refer to report_sdc in the Timing Analyzer to see clock uncertainties.
Critical Warning (332148): Timing requirements not met
    Info (11105): For recommendations on closing timing, run Report Timing Closure Recommendations in the Timing Analyzer.
Info (332146): Worst-case setup slack is -3.371
    Info (332119):     Slack       End Point TNS Clock 
    Info (332119): ========= =================== =====================
    Info (332119):    -3.371            -384.638 clk25 
    Info (332119):    -2.664             -23.811 reset_n 
    Info (332119):    -1.681              -1.681 CLOCK_50 
    Info (332119):    -1.398             -40.771 MOUSE:u_mouse|MOUSE_CLK_FILTER 
    Info (332119):    -1.217             -17.222 VGA_SYNC:u_vga_sync|vert_sync_out 
Info (332146): Worst-case hold slack is 0.012
    Info (332119):     Slack       End Point TNS Clock 
    Info (332119): ========= =================== =====================
    Info (332119):     0.012               0.000 clk25 
    Info (332119):     0.244               0.000 MOUSE:u_mouse|MOUSE_CLK_FILTER 
    Info (332119):     0.318               0.000 reset_n 
    Info (332119):     0.431               0.000 VGA_SYNC:u_vga_sync|vert_sync_out 
    Info (332119):     0.776               0.000 CLOCK_50 
Info (332146): Worst-case recovery slack is -1.863
    Info (332119):     Slack       End Point TNS Clock 
    Info (332119): ========= =================== =====================
    Info (332119):    -1.863            -216.155 clk25 
    Info (332119):    -1.444             -22.022 MOUSE:u_mouse|MOUSE_CLK_FILTER 
Info (332146): Worst-case removal slack is 0.176
    Info (332119):     Slack       End Point TNS Clock 
    Info (332119): ========= =================== =====================
    Info (332119):     0.176               0.000 clk25 
    Info (332119):     0.419               0.000 MOUSE:u_mouse|MOUSE_CLK_FILTER 
Info (332146): Worst-case minimum pulse width slack is -2.174
    Info (332119):     Slack       End Point TNS Clock 
    Info (332119): ========= =================== =====================
    Info (332119):    -2.174             -39.823 clk25 
    Info (332119):    -0.718              -1.249 CLOCK_50 
    Info (332119):    -0.419              -7.637 reset_n 
    Info (332119):     0.053               0.000 MOUSE:u_mouse|MOUSE_CLK_FILTER 
    Info (332119):     0.070               0.000 VGA_SYNC:u_vga_sync|vert_sync_out 
Info (332114): Report Metastability: Found 2 synchronizer chains.
    Info (332114): Design MTBF is not calculated because the design doesn't meet its timing requirements.
Info: Analyzing Fast 1100mV 0C Model
Info (332123): Deriving Clock Uncertainty. Please refer to report_sdc in the Timing Analyzer to see clock uncertainties.
Critical Warning (332148): Timing requirements not met
    Info (11105): For recommendations on closing timing, run Report Timing Closure Recommendations in the Timing Analyzer.
Info (332146): Worst-case setup slack is -3.038
    Info (332119):     Slack       End Point TNS Clock 
    Info (332119): ========= =================== =====================
    Info (332119):    -3.038            -335.459 clk25 
    Info (332119):    -2.299             -20.484 reset_n 
    Info (332119):    -1.449              -1.449 CLOCK_50 
    Info (332119):    -1.399             -37.218 MOUSE:u_mouse|MOUSE_CLK_FILTER 
    Info (332119):    -1.089             -15.567 VGA_SYNC:u_vga_sync|vert_sync_out 
Info (332146): Worst-case hold slack is -0.002
    Info (332119):     Slack       End Point TNS Clock 
    Info (332119): ========= =================== =====================
    Info (332119):    -0.002              -0.002 clk25 
    Info (332119):     0.230               0.000 MOUSE:u_mouse|MOUSE_CLK_FILTER 
    Info (332119):     0.231               0.000 reset_n 
    Info (332119):     0.388               0.000 VGA_SYNC:u_vga_sync|vert_sync_out 
    Info (332119):     0.595               0.000 CLOCK_50 
Info (332146): Worst-case recovery slack is -1.834
    Info (332119):     Slack       End Point TNS Clock 
    Info (332119): ========= =================== =====================
    Info (332119):    -1.834            -216.060 clk25 
    Info (332119):    -1.402             -20.330 MOUSE:u_mouse|MOUSE_CLK_FILTER 
Info (332146): Worst-case removal slack is 0.216
    Info (332119):     Slack       End Point TNS Clock 
    Info (332119): ========= =================== =====================
    Info (332119):     0.216               0.000 clk25 
    Info (332119):     0.375               0.000 MOUSE:u_mouse|MOUSE_CLK_FILTER 
Info (332146): Worst-case minimum pulse width slack is -2.174
    Info (332119):     Slack       End Point TNS Clock 
    Info (332119): ========= =================== =====================
    Info (332119):    -2.174             -34.749 clk25 
    Info (332119):    -0.765              -1.402 CLOCK_50 
    Info (332119):    -0.446              -8.247 reset_n 
    Info (332119):     0.053               0.000 MOUSE:u_mouse|MOUSE_CLK_FILTER 
    Info (332119):     0.085               0.000 VGA_SYNC:u_vga_sync|vert_sync_out 
Info (332114): Report Metastability: Found 2 synchronizer chains.
    Info (332114): Design MTBF is not calculated because the design doesn't meet its timing requirements.
Info (332102): Design is not fully constrained for setup requirements
Info (332102): Design is not fully constrained for hold requirements
Info: Quartus Prime Timing Analyzer was successful. 0 errors, 15 warnings
    Info: Peak virtual memory: 5124 megabytes
    Info: Processing ended: Wed May 28 20:50:24 2025
    Info: Elapsed time: 00:00:11
    Info: Total CPU time (on all processors): 00:00:06


